,10歳未満,10代,20代,30代,40代,50代,60代,70代,80代,90代,100歳以上,不明,-,合計
2020-01-24,0.0,0.0,0.0,0.0,1.0,0.0,0.0,0.0,0.0,0.0,0.0,0.0,0.0,1.0
2020-01-25,0.0,0.0,0.0,1.0,0.0,0.0,0.0,0.0,0.0,0.0,0.0,0.0,0.0,1.0
2020-01-30,0.0,0.0,0.0,1.0,0.0,0.0,0.0,0.0,0.0,0.0,0.0,0.0,0.0,1.0
2020-02-13,0.0,0.0,0.0,0.0,0.0,0.0,0.0,1.0,0.0,0.0,0.0,0.0,0.0,1.0
2020-02-14,0.0,0.0,0.0,0.0,0.0,1.0,0.0,1.0,0.0,0.0,0.0,0.0,0.0,2.0
2020-02-15,0.0,0.0,0.0,0.0,2.0,2.0,1.0,2.0,1.0,0.0,0.0,0.0,0.0,8.0
2020-02-16,0.0,0.0,0.0,2.0,0.0,0.0,3.0,0.0,0.0,0.0,0.0,0.0,0.0,5.0
2020-02-18,0.0,0.0,1.0,0.0,0.0,1.0,0.0,0.0,1.0,0.0,0.0,0.0,0.0,3.0
2020-02-19,0.0,0.0,0.0,0.0,0.0,0.0,0.0,3.0,0.0,0.0,0.0,0.0,0.0,3.0
2020-02-21,0.0,0.0,0.0,0.0,0.0,2.0,0.0,1.0,0.0,0.0,0.0,0.0,0.0,3.0
2020-02-22,0.0,0.0,0.0,0.0,0.0,0.0,1.0,0.0,0.0,0.0,0.0,0.0,0.0,1.0
2020-02-24,0.0,0.0,0.0,1.0,1.0,1.0,0.0,0.0,0.0,0.0,0.0,0.0,0.0,3.0
2020-02-26,0.0,0.0,0.0,0.0,0.0,0.0,0.0,2.0,1.0,0.0,0.0,0.0,0.0,3.0
2020-02-27,0.0,0.0,0.0,0.0,0.0,0.0,1.0,0.0,0.0,0.0,0.0,0.0,0.0,1.0
2020-02-29,0.0,0.0,1.0,0.0,0.0,0.0,0.0,0.0,0.0,0.0,0.0,0.0,0.0,1.0
2020-03-01,0.0,0.0,0.0,0.0,0.0,1.0,0.0,1.0,0.0,0.0,0.0,0.0,0.0,2.0
2020-03-03,0.0,0.0,0.0,0.0,0.0,1.0,0.0,0.0,0.0,0.0,0.0,0.0,0.0,1.0
2020-03-04,0.0,0.0,0.0,1.0,1.0,1.0,0.0,0.0,1.0,0.0,0.0,0.0,0.0,4.0
2020-03-05,2.0,0.0,1.0,1.0,0.0,0.0,0.0,2.0,1.0,1.0,0.0,0.0,0.0,8.0
2020-03-06,0.0,0.0,0.0,2.0,1.0,1.0,0.0,1.0,0.0,1.0,0.0,0.0,0.0,6.0
2020-03-07,0.0,0.0,0.0,0.0,1.0,3.0,0.0,2.0,0.0,0.0,0.0,0.0,0.0,6.0
2020-03-10,0.0,0.0,0.0,0.0,1.0,1.0,0.0,1.0,0.0,0.0,0.0,0.0,0.0,3.0
2020-03-11,0.0,0.0,0.0,1.0,1.0,2.0,1.0,0.0,1.0,0.0,0.0,0.0,0.0,6.0
2020-03-12,0.0,0.0,0.0,0.0,0.0,0.0,1.0,1.0,0.0,0.0,0.0,0.0,0.0,2.0
2020-03-13,0.0,0.0,0.0,0.0,0.0,1.0,0.0,1.0,0.0,0.0,0.0,0.0,0.0,2.0
2020-03-14,0.0,0.0,0.0,2.0,3.0,1.0,3.0,1.0,0.0,0.0,0.0,0.0,0.0,10.0
2020-03-15,0.0,0.0,1.0,1.0,0.0,0.0,1.0,0.0,0.0,0.0,0.0,0.0,0.0,3.0
2020-03-17,0.0,0.0,0.0,0.0,4.0,5.0,3.0,0.0,0.0,0.0,0.0,0.0,0.0,12.0
2020-03-18,0.0,0.0,3.0,1.0,3.0,0.0,0.0,2.0,0.0,0.0,0.0,0.0,0.0,9.0
2020-03-19,0.0,0.0,1.0,0.0,3.0,1.0,1.0,0.0,1.0,0.0,0.0,0.0,0.0,7.0
2020-03-20,0.0,0.0,2.0,0.0,2.0,3.0,3.0,1.0,0.0,0.0,0.0,0.0,0.0,11.0
2020-03-21,0.0,0.0,1.0,1.0,3.0,2.0,0.0,0.0,0.0,0.0,0.0,0.0,0.0,7.0
2020-03-22,0.0,0.0,0.0,1.0,1.0,0.0,1.0,0.0,0.0,0.0,0.0,0.0,0.0,3.0
2020-03-23,0.0,0.0,0.0,2.0,6.0,3.0,1.0,4.0,0.0,0.0,0.0,0.0,0.0,16.0
2020-03-24,0.0,1.0,3.0,6.0,2.0,2.0,3.0,1.0,0.0,0.0,0.0,0.0,0.0,18.0
2020-03-25,0.0,2.0,4.0,4.0,9.0,7.0,8.0,3.0,1.0,3.0,0.0,0.0,0.0,41.0
2020-03-26,1.0,0.0,5.0,6.0,9.0,6.0,5.0,11.0,2.0,1.0,0.0,0.0,0.0,46.0
2020-03-27,0.0,0.0,3.0,9.0,11.0,1.0,4.0,7.0,2.0,3.0,0.0,0.0,0.0,40.0
2020-03-28,1.0,1.0,7.0,8.0,8.0,6.0,10.0,17.0,6.0,0.0,0.0,0.0,0.0,64.0
2020-03-29,0.0,1.0,19.0,24.0,9.0,9.0,5.0,4.0,1.0,0.0,0.0,0.0,0.0,72.0
2020-03-30,0.0,1.0,0.0,2.0,6.0,0.0,1.0,1.0,1.0,0.0,0.0,0.0,0.0,12.0
2020-03-31,2.0,2.0,14.0,20.0,14.0,11.0,6.0,5.0,3.0,1.0,0.0,0.0,0.0,78.0
2020-04-01,0.0,1.0,10.0,16.0,19.0,11.0,8.0,2.0,0.0,0.0,0.0,0.0,0.0,67.0
2020-04-02,2.0,4.0,20.0,16.0,19.0,14.0,9.0,10.0,3.0,1.0,0.0,0.0,0.0,98.0
2020-04-03,0.0,1.0,11.0,23.0,18.0,14.0,11.0,10.0,4.0,0.0,0.0,0.0,0.0,92.0
2020-04-04,0.0,2.0,19.0,21.0,18.0,17.0,15.0,16.0,7.0,3.0,0.0,0.0,0.0,118.0
2020-04-05,0.0,1.0,38.0,34.0,20.0,17.0,13.0,4.0,11.0,3.0,0.0,0.0,0.0,141.0
2020-04-06,0.0,0.0,18.0,21.0,16.0,11.0,12.0,7.0,0.0,0.0,0.0,0.0,0.0,85.0
2020-04-07,2.0,1.0,14.0,22.0,18.0,14.0,8.0,5.0,3.0,0.0,0.0,0.0,0.0,87.0
2020-04-08,0.0,1.0,32.0,36.0,20.0,24.0,18.0,14.0,10.0,1.0,0.0,0.0,0.0,156.0
2020-04-09,5.0,2.0,20.0,43.0,36.0,31.0,19.0,17.0,10.0,0.0,0.0,0.0,0.0,183.0
2020-04-10,0.0,2.0,54.0,43.0,30.0,36.0,19.0,10.0,4.0,1.0,0.0,0.0,0.0,199.0
2020-04-11,1.0,5.0,34.0,37.0,48.0,46.0,18.0,9.0,0.0,0.0,0.0,0.0,0.0,198.0
2020-04-12,3.0,0.0,24.0,23.0,19.0,20.0,12.0,24.0,26.0,23.0,0.0,0.0,0.0,174.0
2020-04-13,1.0,1.0,21.0,19.0,17.0,27.0,8.0,4.0,2.0,0.0,0.0,0.0,0.0,100.0
2020-04-14,2.0,1.0,29.0,24.0,42.0,28.0,19.0,11.0,1.0,1.0,0.0,1.0,0.0,159.0
2020-04-15,3.0,0.0,19.0,15.0,20.0,25.0,18.0,13.0,14.0,0.0,0.0,0.0,0.0,127.0
2020-04-16,4.0,3.0,27.0,32.0,23.0,27.0,17.0,10.0,6.0,2.0,0.0,0.0,0.0,151.0
2020-04-17,2.0,2.0,31.0,34.0,37.0,33.0,26.0,16.0,19.0,4.0,0.0,1.0,1.0,206.0
2020-04-18,2.0,7.0,31.0,31.0,28.0,36.0,16.0,17.0,13.0,5.0,0.0,0.0,0.0,186.0
2020-04-19,1.0,1.0,18.0,19.0,20.0,12.0,15.0,16.0,2.0,5.0,0.0,0.0,0.0,109.0
2020-04-20,1.0,2.0,18.0,20.0,18.0,15.0,10.0,10.0,5.0,2.0,0.0,0.0,0.0,101.0
2020-04-21,0.0,0.0,22.0,16.0,20.0,29.0,16.0,10.0,7.0,3.0,0.0,0.0,0.0,123.0
2020-04-22,8.0,2.0,28.0,21.0,12.0,24.0,8.0,14.0,5.0,1.0,0.0,0.0,0.0,123.0
2020-04-23,2.0,3.0,18.0,26.0,23.0,13.0,12.0,15.0,14.0,8.0,0.0,0.0,0.0,134.0
2020-04-24,1.0,3.0,40.0,25.0,22.0,27.0,12.0,14.0,14.0,9.0,1.0,1.0,1.0,170.0
2020-04-25,1.0,3.0,11.0,21.0,17.0,24.0,13.0,8.0,11.0,9.0,0.0,1.0,0.0,119.0
2020-04-26,1.0,5.0,15.0,5.0,13.0,10.0,9.0,12.0,3.0,9.0,0.0,0.0,0.0,82.0
2020-04-27,3.0,0.0,9.0,5.0,3.0,6.0,4.0,5.0,2.0,4.0,0.0,0.0,0.0,41.0
2020-04-28,2.0,3.0,22.0,12.0,13.0,16.0,11.0,17.0,9.0,8.0,0.0,0.0,0.0,113.0
2020-04-29,4.0,0.0,7.0,7.0,5.0,7.0,4.0,8.0,5.0,0.0,0.0,0.0,0.0,47.0
2020-04-30,3.0,0.0,11.0,13.0,3.0,4.0,6.0,7.0,7.0,5.0,0.0,0.0,0.0,59.0
2020-05-01,2.0,1.0,21.0,27.0,17.0,12.0,19.0,18.0,31.0,17.0,0.0,0.0,0.0,165.0
2020-05-02,2.0,7.0,29.0,18.0,19.0,27.0,19.0,14.0,10.0,7.0,0.0,2.0,0.0,154.0
2020-05-03,0.0,2.0,17.0,18.0,18.0,15.0,8.0,6.0,9.0,0.0,0.0,0.0,0.0,93.0
2020-05-04,0.0,0.0,15.0,12.0,8.0,11.0,5.0,13.0,16.0,7.0,0.0,0.0,0.0,87.0
2020-05-05,2.0,1.0,13.0,7.0,7.0,8.0,8.0,4.0,3.0,4.0,0.0,0.0,0.0,57.0
2020-05-06,0.0,0.0,6.0,6.0,2.0,5.0,0.0,8.0,7.0,3.0,0.0,0.0,0.0,37.0
2020-05-07,0.0,0.0,4.0,3.0,3.0,2.0,3.0,4.0,0.0,3.0,1.0,0.0,0.0,23.0
2020-05-08,0.0,2.0,6.0,10.0,6.0,5.0,2.0,3.0,4.0,1.0,0.0,0.0,0.0,39.0
2020-05-09,1.0,0.0,11.0,6.0,2.0,7.0,4.0,2.0,2.0,1.0,0.0,0.0,0.0,36.0
2020-05-10,1.0,0.0,5.0,1.0,3.0,0.0,4.0,2.0,6.0,0.0,0.0,0.0,0.0,22.0
2020-05-11,0.0,0.0,7.0,0.0,0.0,3.0,1.0,1.0,2.0,0.0,1.0,0.0,0.0,15.0
2020-05-12,0.0,2.0,4.0,3.0,3.0,2.0,3.0,4.0,3.0,3.0,0.0,0.0,0.0,27.0
2020-05-13,0.0,0.0,3.0,2.0,2.0,1.0,2.0,0.0,0.0,0.0,0.0,0.0,0.0,10.0
2020-05-14,0.0,0.0,8.0,6.0,1.0,0.0,2.0,4.0,5.0,4.0,0.0,0.0,0.0,30.0
2020-05-15,0.0,0.0,2.0,1.0,2.0,1.0,0.0,0.0,1.0,2.0,0.0,0.0,0.0,9.0
2020-05-16,0.0,0.0,6.0,1.0,0.0,1.0,2.0,2.0,0.0,2.0,0.0,0.0,0.0,14.0
2020-05-17,0.0,0.0,2.0,1.0,0.0,0.0,0.0,1.0,1.0,0.0,0.0,0.0,0.0,5.0
2020-05-18,0.0,0.0,2.0,3.0,0.0,0.0,2.0,1.0,2.0,0.0,0.0,0.0,0.0,10.0
2020-05-19,0.0,0.0,1.0,0.0,2.0,1.0,0.0,1.0,0.0,0.0,0.0,0.0,0.0,5.0
2020-05-20,0.0,0.0,2.0,0.0,1.0,0.0,0.0,1.0,1.0,0.0,0.0,0.0,0.0,5.0
2020-05-21,1.0,1.0,3.0,1.0,1.0,1.0,1.0,1.0,1.0,0.0,0.0,0.0,0.0,11.0
2020-05-22,0.0,0.0,1.0,0.0,0.0,1.0,1.0,0.0,0.0,0.0,0.0,0.0,0.0,3.0
2020-05-23,0.0,0.0,0.0,1.0,0.0,0.0,1.0,0.0,0.0,0.0,0.0,0.0,0.0,2.0
2020-05-24,0.0,1.0,4.0,4.0,2.0,1.0,1.0,1.0,0.0,0.0,0.0,0.0,0.0,14.0
2020-05-25,0.0,0.0,2.0,3.0,0.0,1.0,0.0,0.0,1.0,1.0,0.0,0.0,0.0,8.0
2020-05-26,0.0,0.0,5.0,1.0,1.0,1.0,2.0,0.0,0.0,0.0,0.0,0.0,0.0,10.0
2020-05-27,0.0,2.0,1.0,3.0,1.0,1.0,0.0,2.0,0.0,1.0,0.0,0.0,0.0,11.0
2020-05-28,0.0,2.0,3.0,6.0,1.0,1.0,0.0,0.0,2.0,0.0,0.0,0.0,0.0,15.0
2020-05-29,0.0,0.0,4.0,7.0,2.0,3.0,1.0,4.0,0.0,0.0,0.0,0.0,0.0,21.0
2020-05-30,0.0,0.0,4.0,0.0,1.0,2.0,2.0,3.0,2.0,0.0,0.0,0.0,0.0,14.0
2020-05-31,0.0,0.0,2.0,2.0,1.0,0.0,0.0,0.0,0.0,0.0,0.0,0.0,0.0,5.0
2020-06-01,0.0,0.0,7.0,2.0,2.0,1.0,0.0,1.0,0.0,0.0,0.0,0.0,0.0,13.0
2020-06-02,0.0,0.0,9.0,6.0,2.0,3.0,3.0,6.0,4.0,1.0,0.0,0.0,0.0,34.0
2020-06-03,0.0,0.0,2.0,4.0,4.0,1.0,0.0,1.0,0.0,0.0,0.0,0.0,0.0,12.0
2020-06-04,0.0,1.0,13.0,9.0,1.0,1.0,1.0,0.0,2.0,0.0,0.0,0.0,0.0,28.0
2020-06-05,0.0,0.0,8.0,4.0,4.0,3.0,0.0,0.0,1.0,0.0,0.0,0.0,0.0,20.0
2020-06-06,0.0,0.0,12.0,7.0,3.0,2.0,1.0,1.0,0.0,0.0,0.0,0.0,0.0,26.0
2020-06-07,0.0,1.0,2.0,4.0,3.0,4.0,0.0,0.0,0.0,0.0,0.0,0.0,0.0,14.0
2020-06-08,0.0,0.0,8.0,3.0,1.0,1.0,0.0,0.0,0.0,0.0,0.0,0.0,0.0,13.0
2020-06-09,0.0,1.0,4.0,1.0,1.0,1.0,1.0,1.0,1.0,1.0,0.0,0.0,0.0,12.0
2020-06-10,0.0,0.0,7.0,5.0,3.0,0.0,1.0,0.0,2.0,0.0,0.0,0.0,0.0,18.0
2020-06-11,0.0,0.0,12.0,3.0,1.0,1.0,2.0,1.0,2.0,0.0,0.0,0.0,0.0,22.0
2020-06-12,0.0,0.0,12.0,9.0,0.0,3.0,0.0,0.0,1.0,0.0,0.0,0.0,0.0,25.0
2020-06-13,0.0,0.0,8.0,7.0,0.0,2.0,3.0,4.0,0.0,0.0,0.0,0.0,0.0,24.0
2020-06-14,0.0,4.0,26.0,8.0,2.0,1.0,3.0,2.0,1.0,0.0,0.0,0.0,0.0,47.0
2020-06-15,0.0,0.0,29.0,8.0,4.0,2.0,4.0,1.0,0.0,0.0,0.0,0.0,0.0,48.0
2020-06-16,1.0,1.0,14.0,7.0,0.0,2.0,0.0,2.0,0.0,0.0,0.0,0.0,0.0,27.0
2020-06-17,0.0,0.0,3.0,5.0,2.0,0.0,3.0,1.0,2.0,0.0,0.0,0.0,0.0,16.0
2020-06-18,0.0,1.0,15.0,12.0,3.0,2.0,5.0,1.0,2.0,0.0,0.0,0.0,0.0,41.0
2020-06-19,0.0,2.0,14.0,7.0,5.0,1.0,1.0,4.0,1.0,0.0,0.0,0.0,0.0,35.0
2020-06-20,0.0,1.0,15.0,17.0,3.0,3.0,0.0,0.0,0.0,0.0,0.0,0.0,0.0,39.0
2020-06-21,0.0,0.0,20.0,11.0,1.0,1.0,0.0,1.0,0.0,0.0,0.0,0.0,0.0,34.0
2020-06-22,0.0,0.0,14.0,7.0,4.0,2.0,2.0,0.0,0.0,0.0,0.0,0.0,0.0,29.0
2020-06-23,0.0,0.0,13.0,7.0,4.0,1.0,3.0,3.0,0.0,0.0,0.0,0.0,0.0,31.0
2020-06-24,0.0,1.0,32.0,9.0,5.0,4.0,3.0,1.0,0.0,0.0,0.0,0.0,0.0,55.0
2020-06-25,4.0,2.0,20.0,8.0,6.0,5.0,1.0,1.0,0.0,1.0,0.0,0.0,0.0,48.0
2020-06-26,1.0,1.0,26.0,14.0,7.0,2.0,3.0,0.0,0.0,0.0,0.0,0.0,0.0,54.0
2020-06-27,0.0,0.0,27.0,14.0,7.0,7.0,0.0,1.0,1.0,0.0,0.0,0.0,0.0,57.0
2020-06-28,0.0,1.0,33.0,12.0,7.0,4.0,1.0,1.0,0.0,1.0,0.0,0.0,0.0,60.0
2020-06-29,0.0,1.0,32.0,14.0,4.0,2.0,0.0,1.0,2.0,2.0,0.0,0.0,0.0,58.0
2020-06-30,2.0,5.0,16.0,10.0,8.0,7.0,2.0,3.0,1.0,0.0,0.0,0.0,0.0,54.0
2020-07-01,2.0,2.0,35.0,14.0,9.0,3.0,2.0,0.0,0.0,0.0,0.0,0.0,0.0,67.0
2020-07-02,3.0,2.0,37.0,34.0,11.0,10.0,2.0,3.0,2.0,3.0,0.0,0.0,0.0,107.0
2020-07-03,0.0,4.0,60.0,37.0,9.0,6.0,4.0,2.0,1.0,1.0,0.0,0.0,0.0,124.0
2020-07-04,4.0,4.0,74.0,24.0,15.0,3.0,2.0,2.0,2.0,1.0,0.0,0.0,0.0,131.0
2020-07-05,1.0,4.0,49.0,24.0,14.0,6.0,2.0,3.0,3.0,4.0,1.0,0.0,0.0,111.0
2020-07-06,0.0,3.0,53.0,19.0,12.0,11.0,3.0,0.0,1.0,0.0,0.0,0.0,0.0,102.0
2020-07-07,4.0,5.0,43.0,27.0,15.0,6.0,6.0,0.0,0.0,0.0,0.0,0.0,0.0,106.0
2020-07-08,4.0,4.0,33.0,17.0,10.0,6.0,1.0,0.0,0.0,0.0,0.0,0.0,0.0,75.0
2020-07-09,10.0,4.0,109.0,60.0,18.0,12.0,7.0,3.0,1.0,0.0,0.0,0.0,0.0,224.0
2020-07-10,2.0,7.0,126.0,60.0,22.0,13.0,8.0,4.0,1.0,0.0,0.0,0.0,0.0,243.0
2020-07-11,12.0,3.0,90.0,54.0,22.0,15.0,5.0,4.0,1.0,0.0,0.0,0.0,0.0,206.0
2020-07-12,14.0,7.0,87.0,46.0,20.0,9.0,11.0,5.0,2.0,5.0,0.0,0.0,0.0,206.0
2020-07-13,0.0,3.0,51.0,33.0,15.0,12.0,2.0,2.0,0.0,0.0,0.0,0.0,0.0,118.0
2020-07-14,7.0,6.0,64.0,29.0,16.0,10.0,7.0,2.0,2.0,0.0,0.0,0.0,0.0,143.0
2020-07-15,7.0,3.0,69.0,36.0,24.0,8.0,8.0,8.0,2.0,0.0,0.0,0.0,0.0,165.0
2020-07-16,5.0,9.0,139.0,57.0,31.0,20.0,15.0,4.0,4.0,2.0,0.0,0.0,0.0,286.0
2020-07-17,1.0,6.0,147.0,63.0,34.0,24.0,5.0,5.0,5.0,3.0,0.0,0.0,0.0,293.0
2020-07-18,4.0,9.0,125.0,64.0,40.0,21.0,10.0,5.0,8.0,4.0,0.0,0.0,0.0,290.0
2020-07-19,3.0,3.0,84.0,45.0,26.0,13.0,7.0,6.0,1.0,0.0,0.0,0.0,0.0,188.0
2020-07-20,1.0,2.0,69.0,39.0,27.0,13.0,8.0,5.0,3.0,1.0,0.0,0.0,0.0,168.0
2020-07-21,0.0,4.0,83.0,54.0,37.0,30.0,11.0,10.0,8.0,0.0,0.0,0.0,0.0,237.0
2020-07-22,8.0,9.0,86.0,58.0,31.0,20.0,14.0,10.0,2.0,0.0,0.0,0.0,0.0,238.0
2020-07-23,9.0,15.0,139.0,93.0,51.0,23.0,15.0,15.0,5.0,1.0,0.0,0.0,0.0,366.0
2020-07-24,2.0,4.0,108.0,78.0,32.0,23.0,6.0,4.0,2.0,1.0,0.0,0.0,0.0,260.0
2020-07-25,6.0,14.0,119.0,66.0,48.0,27.0,7.0,6.0,1.0,1.0,0.0,0.0,0.0,295.0
2020-07-26,1.0,3.0,89.0,59.0,29.0,23.0,11.0,15.0,6.0,3.0,0.0,0.0,0.0,239.0
2020-07-27,1.0,4.0,55.0,24.0,23.0,11.0,7.0,2.0,4.0,0.0,0.0,0.0,0.0,131.0
2020-07-28,4.0,9.0,101.0,67.0,29.0,36.0,6.0,7.0,6.0,1.0,0.0,0.0,0.0,266.0
2020-07-29,3.0,6.0,100.0,60.0,38.0,18.0,15.0,6.0,3.0,1.0,0.0,0.0,0.0,250.0
2020-07-30,2.0,9.0,147.0,89.0,53.0,30.0,13.0,16.0,5.0,3.0,0.0,0.0,0.0,367.0
2020-07-31,4.0,6.0,212.0,120.0,57.0,25.0,27.0,9.0,2.0,0.0,0.0,0.0,0.0,462.0
2020-08-01,9.0,15.0,216.0,108.0,51.0,38.0,21.0,7.0,6.0,1.0,0.0,0.0,0.0,472.0
2020-08-02,2.0,9.0,138.0,65.0,40.0,20.0,9.0,3.0,4.0,1.0,1.0,0.0,0.0,292.0
2020-08-03,3.0,9.0,110.0,60.0,30.0,23.0,10.0,5.0,4.0,4.0,0.0,0.0,0.0,258.0
2020-08-04,3.0,11.0,130.0,63.0,40.0,25.0,14.0,12.0,7.0,4.0,0.0,0.0,0.0,309.0
2020-08-05,7.0,11.0,89.0,74.0,28.0,24.0,19.0,6.0,2.0,3.0,0.0,0.0,0.0,263.0
2020-08-06,6.0,14.0,134.0,95.0,43.0,29.0,23.0,11.0,5.0,0.0,0.0,0.0,0.0,360.0
2020-08-07,2.0,19.0,186.0,118.0,67.0,33.0,19.0,11.0,6.0,0.0,0.0,0.0,0.0,461.0
2020-08-08,7.0,15.0,164.0,110.0,54.0,41.0,15.0,14.0,4.0,5.0,0.0,0.0,0.0,429.0
2020-08-09,7.0,8.0,133.0,79.0,43.0,29.0,10.0,18.0,2.0,1.0,1.0,0.0,0.0,331.0
2020-08-10,6.0,8.0,65.0,45.0,34.0,22.0,5.0,7.0,5.0,0.0,0.0,0.0,0.0,197.0
2020-08-11,4.0,18.0,69.0,39.0,22.0,19.0,7.0,6.0,4.0,0.0,0.0,0.0,0.0,188.0
2020-08-12,5.0,4.0,78.0,57.0,33.0,19.0,5.0,9.0,11.0,1.0,0.0,0.0,0.0,222.0
2020-08-13,6.0,10.0,69.0,38.0,31.0,22.0,16.0,9.0,3.0,2.0,0.0,0.0,0.0,206.0
2020-08-14,6.0,9.0,129.0,97.0,58.0,38.0,23.0,18.0,10.0,1.0,0.0,0.0,0.0,389.0
2020-08-15,9.0,17.0,120.0,84.0,55.0,48.0,21.0,18.0,12.0,1.0,0.0,0.0,0.0,385.0
2020-08-16,9.0,16.0,84.0,53.0,36.0,25.0,23.0,11.0,3.0,0.0,0.0,0.0,0.0,260.0
2020-08-17,1.0,6.0,44.0,36.0,25.0,22.0,10.0,12.0,4.0,1.0,0.0,0.0,0.0,161.0
2020-08-18,5.0,5.0,77.0,34.0,34.0,20.0,12.0,12.0,7.0,1.0,0.0,0.0,0.0,207.0
2020-08-19,3.0,8.0,60.0,44.0,18.0,29.0,11.0,6.0,6.0,1.0,0.0,0.0,0.0,186.0
2020-08-20,6.0,10.0,111.0,72.0,50.0,37.0,21.0,19.0,10.0,3.0,0.0,0.0,0.0,339.0
2020-08-21,9.0,10.0,83.0,54.0,40.0,33.0,12.0,9.0,8.0,0.0,0.0,0.0,0.0,258.0
2020-08-22,4.0,5.0,100.0,64.0,30.0,25.0,12.0,6.0,10.0,0.0,0.0,0.0,0.0,256.0
2020-08-23,5.0,5.0,66.0,43.0,29.0,28.0,19.0,6.0,4.0,7.0,0.0,0.0,0.0,212.0
2020-08-24,0.0,3.0,29.0,25.0,14.0,11.0,5.0,0.0,5.0,3.0,0.0,0.0,0.0,95.0
2020-08-25,3.0,9.0,49.0,33.0,33.0,25.0,12.0,10.0,7.0,1.0,0.0,0.0,0.0,182.0
2020-08-26,6.0,5.0,65.0,52.0,36.0,32.0,24.0,8.0,7.0,1.0,0.0,0.0,0.0,236.0
2020-08-27,10.0,19.0,79.0,50.0,37.0,23.0,9.0,11.0,10.0,2.0,0.0,0.0,0.0,250.0
2020-08-28,8.0,8.0,63.0,46.0,31.0,35.0,16.0,5.0,12.0,2.0,0.0,0.0,0.0,226.0
2020-08-29,5.0,15.0,72.0,42.0,44.0,26.0,22.0,10.0,7.0,3.0,1.0,0.0,0.0,247.0
2020-08-30,3.0,6.0,41.0,37.0,23.0,16.0,8.0,4.0,6.0,4.0,0.0,0.0,0.0,148.0
2020-08-31,5.0,1.0,31.0,19.0,18.0,12.0,6.0,5.0,2.0,1.0,0.0,0.0,0.0,100.0
2020-09-01,2.0,10.0,48.0,38.0,28.0,17.0,15.0,6.0,5.0,1.0,0.0,0.0,0.0,170.0
2020-09-02,13.0,2.0,35.0,30.0,22.0,18.0,10.0,6.0,5.0,0.0,0.0,0.0,0.0,141.0
2020-09-03,4.0,12.0,62.0,45.0,30.0,30.0,7.0,9.0,7.0,5.0,0.0,0.0,0.0,211.0
2020-09-04,1.0,4.0,49.0,28.0,25.0,14.0,7.0,5.0,3.0,0.0,0.0,0.0,0.0,136.0
2020-09-05,10.0,10.0,37.0,37.0,35.0,24.0,13.0,7.0,5.0,3.0,0.0,0.0,0.0,181.0
2020-09-06,3.0,11.0,19.0,23.0,21.0,15.0,13.0,4.0,6.0,1.0,0.0,0.0,0.0,116.0
2020-09-07,3.0,0.0,19.0,17.0,11.0,15.0,7.0,3.0,1.0,0.0,0.0,0.0,0.0,76.0
2020-09-08,4.0,7.0,41.0,45.0,32.0,18.0,8.0,6.0,6.0,2.0,1.0,0.0,0.0,170.0
2020-09-09,3.0,9.0,39.0,39.0,24.0,18.0,6.0,7.0,3.0,1.0,0.0,0.0,0.0,149.0
2020-09-10,1.0,10.0,56.0,71.0,57.0,38.0,23.0,10.0,7.0,3.0,0.0,0.0,0.0,276.0
2020-09-11,3.0,7.0,48.0,45.0,30.0,30.0,12.0,6.0,5.0,1.0,0.0,0.0,0.0,187.0
2020-09-12,8.0,8.0,51.0,55.0,53.0,24.0,10.0,3.0,10.0,4.0,0.0,0.0,0.0,226.0
2020-09-13,2.0,7.0,43.0,27.0,25.0,21.0,6.0,8.0,4.0,3.0,0.0,0.0,0.0,146.0
2020-09-14,2.0,4.0,17.0,16.0,13.0,15.0,5.0,5.0,2.0,1.0,0.0,0.0,0.0,80.0
2020-09-15,5.0,12.0,43.0,38.0,33.0,30.0,12.0,8.0,8.0,2.0,0.0,0.0,0.0,191.0
2020-09-16,7.0,8.0,33.0,26.0,34.0,24.0,11.0,13.0,7.0,0.0,0.0,0.0,0.0,163.0
2020-09-17,4.0,10.0,44.0,34.0,30.0,25.0,10.0,8.0,5.0,1.0,0.0,0.0,0.0,171.0
2020-09-18,7.0,8.0,49.0,53.0,35.0,32.0,11.0,12.0,9.0,4.0,0.0,0.0,0.0,220.0
2020-09-19,3.0,11.0,51.0,40.0,45.0,33.0,18.0,12.0,4.0,1.0,0.0,0.0,0.0,218.0
2020-09-20,4.0,10.0,37.0,32.0,40.0,16.0,7.0,12.0,3.0,1.0,0.0,0.0,0.0,162.0
2020-09-21,1.0,2.0,29.0,17.0,12.0,13.0,8.0,10.0,5.0,0.0,0.0,0.0,0.0,97.0
2020-09-22,1.0,2.0,22.0,18.0,17.0,12.0,4.0,6.0,4.0,2.0,0.0,0.0,0.0,88.0
2020-09-23,1.0,3.0,10.0,16.0,14.0,3.0,4.0,7.0,1.0,0.0,0.0,0.0,0.0,59.0
2020-09-24,6.0,13.0,53.0,38.0,32.0,27.0,11.0,5.0,4.0,4.0,0.0,0.0,0.0,193.0
2020-09-25,5.0,14.0,46.0,39.0,40.0,23.0,16.0,7.0,3.0,2.0,0.0,0.0,0.0,195.0
2020-09-26,10.0,8.0,62.0,52.0,51.0,35.0,18.0,20.0,11.0,2.0,0.0,0.0,0.0,269.0
2020-09-27,4.0,6.0,36.0,32.0,20.0,18.0,14.0,10.0,1.0,3.0,0.0,0.0,0.0,144.0
2020-09-28,1.0,2.0,26.0,15.0,13.0,9.0,4.0,2.0,3.0,3.0,0.0,0.0,0.0,78.0
2020-09-29,7.0,7.0,52.0,39.0,33.0,31.0,15.0,18.0,6.0,3.0,0.0,0.0,0.0,211.0
2020-09-30,7.0,10.0,46.0,44.0,32.0,21.0,11.0,12.0,9.0,2.0,0.0,0.0,0.0,194.0
2020-10-01,4.0,9.0,60.0,48.0,36.0,31.0,15.0,14.0,14.0,3.0,0.0,0.0,0.0,234.0
2020-10-02,7.0,11.0,48.0,47.0,25.0,21.0,17.0,12.0,6.0,2.0,0.0,0.0,0.0,196.0
2020-10-03,5.0,6.0,60.0,43.0,36.0,20.0,14.0,14.0,5.0,2.0,0.0,0.0,0.0,205.0
2020-10-04,2.0,5.0,31.0,14.0,21.0,15.0,6.0,8.0,4.0,1.0,0.0,0.0,0.0,107.0
2020-10-05,2.0,3.0,17.0,13.0,9.0,11.0,4.0,3.0,3.0,0.0,0.0,0.0,0.0,65.0
2020-10-06,6.0,10.0,44.0,37.0,30.0,23.0,6.0,9.0,9.0,2.0,0.0,0.0,0.0,176.0
2020-10-07,1.0,2.0,28.0,30.0,20.0,27.0,10.0,12.0,8.0,2.0,0.0,0.0,0.0,140.0
2020-10-08,4.0,8.0,49.0,61.0,42.0,39.0,20.0,16.0,9.0,0.0,0.0,0.0,0.0,248.0
2020-10-09,3.0,16.0,60.0,43.0,26.0,28.0,9.0,11.0,4.0,2.0,1.0,0.0,0.0,203.0
2020-10-10,6.0,23.0,64.0,42.0,32.0,31.0,17.0,18.0,14.0,1.0,0.0,0.0,0.0,248.0
2020-10-11,2.0,13.0,38.0,34.0,23.0,18.0,7.0,10.0,1.0,0.0,0.0,0.0,0.0,146.0
2020-10-12,2.0,3.0,20.0,18.0,20.0,9.0,3.0,2.0,1.0,0.0,0.0,0.0,0.0,78.0
2020-10-13,8.0,11.0,37.0,33.0,28.0,24.0,9.0,8.0,4.0,4.0,0.0,0.0,0.0,166.0
2020-10-14,2.0,16.0,47.0,23.0,27.0,18.0,13.0,14.0,15.0,2.0,0.0,0.0,0.0,177.0
2020-10-15,4.0,16.0,69.0,67.0,42.0,31.0,20.0,15.0,15.0,5.0,0.0,0.0,0.0,284.0
2020-10-16,1.0,17.0,45.0,36.0,27.0,25.0,17.0,8.0,7.0,0.0,0.0,0.0,0.0,183.0
2020-10-17,6.0,13.0,64.0,44.0,36.0,30.0,11.0,18.0,10.0,3.0,0.0,0.0,0.0,235.0
2020-10-18,3.0,4.0,25.0,28.0,24.0,15.0,18.0,6.0,7.0,2.0,0.0,0.0,0.0,132.0
2020-10-19,1.0,3.0,20.0,18.0,14.0,11.0,6.0,3.0,2.0,0.0,0.0,0.0,0.0,78.0
2020-10-20,2.0,6.0,31.0,35.0,21.0,18.0,13.0,8.0,2.0,3.0,0.0,0.0,0.0,139.0
2020-10-21,2.0,1.0,32.0,32.0,20.0,22.0,15.0,7.0,11.0,3.0,0.0,0.0,0.0,145.0
2020-10-22,3.0,12.0,42.0,42.0,25.0,27.0,18.0,9.0,5.0,2.0,0.0,0.0,0.0,185.0
2020-10-23,0.0,8.0,50.0,28.0,36.0,27.0,12.0,12.0,8.0,5.0,0.0,0.0,0.0,186.0
2020-10-24,1.0,13.0,61.0,40.0,25.0,24.0,17.0,14.0,6.0,0.0,0.0,0.0,0.0,201.0
2020-10-25,4.0,4.0,30.0,31.0,20.0,12.0,13.0,10.0,0.0,0.0,0.0,0.0,0.0,124.0
2020-10-26,1.0,4.0,27.0,22.0,20.0,13.0,6.0,5.0,4.0,0.0,0.0,0.0,0.0,102.0
2020-10-27,2.0,7.0,41.0,24.0,17.0,31.0,11.0,16.0,7.0,2.0,0.0,0.0,0.0,158.0
2020-10-28,0.0,12.0,41.0,31.0,28.0,23.0,12.0,16.0,6.0,2.0,0.0,0.0,0.0,171.0
2020-10-29,2.0,4.0,57.0,48.0,41.0,29.0,20.0,9.0,8.0,2.0,0.0,0.0,0.0,220.0
2020-10-30,4.0,10.0,54.0,38.0,36.0,27.0,21.0,8.0,2.0,3.0,0.0,0.0,0.0,203.0
2020-10-31,4.0,10.0,42.0,51.0,36.0,29.0,19.0,13.0,11.0,0.0,0.0,0.0,0.0,215.0
2020-11-01,3.0,8.0,37.0,20.0,16.0,15.0,6.0,8.0,3.0,0.0,0.0,0.0,0.0,116.0
2020-11-02,1.0,4.0,25.0,19.0,14.0,7.0,7.0,6.0,4.0,0.0,0.0,0.0,0.0,87.0
2020-11-03,3.0,12.0,55.0,42.0,34.0,36.0,12.0,9.0,5.0,1.0,0.0,0.0,0.0,209.0
2020-11-04,4.0,6.0,31.0,22.0,17.0,15.0,8.0,11.0,5.0,3.0,0.0,0.0,0.0,122.0
2020-11-05,3.0,15.0,77.0,55.0,50.0,28.0,16.0,14.0,10.0,1.0,0.0,0.0,0.0,269.0
2020-11-06,0.0,12.0,59.0,52.0,44.0,28.0,15.0,19.0,11.0,2.0,0.0,0.0,0.0,242.0
2020-11-07,3.0,24.0,81.0,55.0,48.0,33.0,19.0,19.0,10.0,2.0,0.0,0.0,0.0,294.0
2020-11-08,8.0,17.0,39.0,34.0,37.0,21.0,13.0,15.0,5.0,0.0,0.0,0.0,0.0,189.0
2020-11-09,5.0,8.0,32.0,24.0,27.0,28.0,12.0,10.0,7.0,3.0,0.0,0.0,0.0,156.0
2020-11-10,2.0,5.0,70.0,60.0,53.0,45.0,26.0,20.0,5.0,7.0,0.0,0.0,0.0,293.0
2020-11-11,4.0,19.0,61.0,68.0,58.0,43.0,34.0,17.0,12.0,0.0,0.0,0.0,0.0,316.0
2020-11-12,14.0,22.0,93.0,89.0,70.0,48.0,25.0,19.0,9.0,3.0,0.0,0.0,0.0,392.0
2020-11-13,9.0,26.0,100.0,66.0,53.0,60.0,24.0,26.0,10.0,0.0,0.0,0.0,0.0,374.0
2020-11-14,4.0,22.0,103.0,76.0,43.0,44.0,21.0,20.0,12.0,7.0,0.0,0.0,0.0,352.0
2020-11-15,4.0,15.0,68.0,47.0,42.0,43.0,18.0,12.0,5.0,1.0,0.0,0.0,0.0,255.0
2020-11-16,6.0,8.0,39.0,34.0,30.0,28.0,15.0,12.0,8.0,0.0,0.0,0.0,0.0,180.0
2020-11-17,4.0,10.0,81.0,50.0,50.0,48.0,30.0,18.0,4.0,3.0,0.0,0.0,0.0,298.0
2020-11-18,6.0,20.0,123.0,92.0,85.0,63.0,39.0,30.0,25.0,3.0,0.0,0.0,0.0,486.0
2020-11-19,3.0,27.0,130.0,109.0,96.0,80.0,31.0,42.0,10.0,3.0,0.0,0.0,0.0,531.0
2020-11-20,8.0,20.0,122.0,89.0,84.0,92.0,54.0,33.0,19.0,1.0,0.0,0.0,0.0,522.0
2020-11-21,11.0,26.0,140.0,110.0,105.0,67.0,36.0,32.0,11.0,1.0,0.0,0.0,0.0,539.0
2020-11-22,9.0,19.0,129.0,72.0,44.0,52.0,37.0,14.0,8.0,6.0,0.0,0.0,0.0,390.0
2020-11-23,5.0,31.0,65.0,59.0,41.0,63.0,24.0,17.0,9.0,1.0,0.0,0.0,0.0,315.0
2020-11-24,10.0,8.0,53.0,31.0,22.0,21.0,13.0,15.0,11.0,4.0,0.0,0.0,0.0,188.0
2020-11-25,6.0,22.0,101.0,74.0,60.0,66.0,38.0,23.0,9.0,3.0,0.0,0.0,0.0,402.0
2020-11-26,13.0,33.0,111.0,79.0,82.0,69.0,32.0,35.0,20.0,8.0,0.0,0.0,0.0,482.0
2020-11-27,14.0,33.0,147.0,121.0,76.0,67.0,46.0,39.0,22.0,4.0,1.0,0.0,0.0,570.0
2020-11-28,12.0,31.0,132.0,102.0,90.0,83.0,50.0,37.0,20.0,4.0,0.0,0.0,0.0,561.0
2020-11-29,11.0,22.0,110.0,70.0,80.0,51.0,32.0,25.0,12.0,6.0,0.0,0.0,0.0,419.0
2020-11-30,8.0,17.0,68.0,51.0,69.0,32.0,27.0,14.0,23.0,3.0,0.0,0.0,0.0,312.0
2020-12-01,5.0,25.0,93.0,80.0,58.0,37.0,23.0,18.0,24.0,7.0,0.0,0.0,0.0,370.0
2020-12-02,20.0,30.0,125.0,81.0,76.0,62.0,37.0,36.0,27.0,6.0,1.0,0.0,0.0,501.0
2020-12-03,15.0,31.0,114.0,93.0,89.0,81.0,32.0,36.0,32.0,9.0,0.0,0.0,0.0,532.0
2020-12-04,16.0,20.0,108.0,91.0,80.0,50.0,37.0,23.0,19.0,15.0,0.0,0.0,0.0,459.0
2020-12-05,11.0,35.0,137.0,110.0,95.0,82.0,44.0,36.0,25.0,8.0,1.0,0.0,0.0,584.0
2020-12-06,4.0,13.0,87.0,64.0,69.0,36.0,21.0,19.0,8.0,7.0,0.0,0.0,0.0,328.0
2020-12-07,10.0,13.0,76.0,57.0,43.0,41.0,20.0,11.0,22.0,8.0,0.0,0.0,0.0,301.0
2020-12-08,9.0,21.0,79.0,73.0,59.0,52.0,27.0,16.0,12.0,6.0,0.0,0.0,0.0,354.0
2020-12-09,12.0,37.0,131.0,116.0,80.0,72.0,46.0,37.0,30.0,12.0,1.0,0.0,0.0,574.0
2020-12-10,4.0,28.0,136.0,137.0,111.0,86.0,37.0,28.0,28.0,6.0,0.0,0.0,0.0,601.0
2020-12-11,18.0,26.0,159.0,105.0,91.0,71.0,43.0,41.0,28.0,14.0,0.0,0.0,0.0,596.0
2020-12-12,12.0,37.0,181.0,119.0,89.0,80.0,37.0,34.0,21.0,11.0,0.0,0.0,0.0,621.0
2020-12-13,12.0,34.0,122.0,88.0,73.0,63.0,35.0,25.0,26.0,3.0,0.0,0.0,0.0,481.0
2020-12-14,6.0,26.0,85.0,55.0,55.0,36.0,19.0,10.0,11.0,2.0,0.0,0.0,0.0,305.0
2020-12-15,6.0,27.0,124.0,91.0,71.0,55.0,29.0,26.0,21.0,7.0,0.0,0.0,0.0,457.0
2020-12-16,17.0,35.0,184.0,123.0,109.0,95.0,49.0,38.0,23.0,8.0,0.0,0.0,0.0,681.0
2020-12-17,23.0,47.0,201.0,169.0,124.0,113.0,62.0,43.0,26.0,14.0,0.0,0.0,0.0,822.0
2020-12-18,17.0,30.0,185.0,139.0,101.0,76.0,48.0,39.0,19.0,10.0,0.0,0.0,0.0,664.0
2020-12-19,18.0,43.0,207.0,136.0,111.0,97.0,54.0,33.0,27.0,10.0,0.0,0.0,0.0,736.0
2020-12-20,13.0,37.0,150.0,111.0,92.0,61.0,40.0,27.0,19.0,6.0,0.0,0.0,0.0,556.0
2020-12-21,3.0,10.0,103.0,98.0,59.0,57.0,23.0,17.0,17.0,10.0,0.0,0.0,0.0,397.0
2020-12-22,20.0,26.0,136.0,122.0,97.0,78.0,43.0,25.0,16.0,7.0,0.0,0.0,0.0,570.0
2020-12-23,14.0,25.0,196.0,143.0,130.0,122.0,54.0,35.0,34.0,5.0,0.0,0.0,0.0,758.0
2020-12-24,30.0,47.0,241.0,186.0,146.0,121.0,49.0,38.0,31.0,6.0,0.0,0.0,0.0,895.0
2020-12-25,23.0,47.0,250.0,176.0,155.0,109.0,52.0,36.0,36.0,6.0,0.0,0.0,0.0,890.0
2020-12-26,14.0,44.0,279.0,203.0,133.0,135.0,61.0,46.0,28.0,10.0,1.0,0.0,0.0,954.0
2020-12-27,14.0,48.0,183.0,132.0,99.0,93.0,50.0,45.0,30.0,12.0,1.0,0.0,1.0,708.0
2020-12-28,11.0,22.0,134.0,109.0,86.0,59.0,30.0,24.0,12.0,4.0,0.0,0.0,0.0,491.0
2020-12-29,21.0,35.0,222.0,169.0,128.0,130.0,65.0,52.0,41.0,6.0,0.0,0.0,0.0,869.0
2020-12-30,12.0,73.0,251.0,183.0,155.0,137.0,62.0,41.0,34.0,12.0,0.0,0.0,1.0,961.0
2020-12-31,30.0,83.0,387.0,253.0,196.0,180.0,89.0,63.0,52.0,19.0,1.0,0.0,0.0,1353.0
2021-01-01,16.0,30.0,236.0,144.0,134.0,107.0,59.0,31.0,25.0,11.0,0.0,0.0,0.0,793.0
2021-01-02,20.0,36.0,216.0,142.0,141.0,120.0,59.0,42.0,35.0,18.0,0.0,0.0,0.0,829.0
2021-01-03,22.0,37.0,218.0,183.0,118.0,124.0,54.0,39.0,26.0,5.0,0.0,0.0,0.0,826.0
2021-01-04,14.0,44.0,247.0,185.0,152.0,127.0,60.0,40.0,24.0,10.0,2.0,0.0,0.0,905.0
2021-01-05,26.0,73.0,367.0,263.0,209.0,169.0,74.0,75.0,49.0,10.0,0.0,0.0,0.0,1315.0
2021-01-06,43.0,68.0,448.0,336.0,287.0,207.0,113.0,86.0,39.0,13.0,0.0,0.0,0.0,1640.0
2021-01-07,56.0,131.0,678.0,570.0,421.0,313.0,152.0,101.0,78.0,18.0,2.0,0.0,0.0,2520.0
2021-01-08,48.0,146.0,723.0,549.0,354.0,304.0,149.0,122.0,44.0,19.0,1.0,0.0,0.0,2459.0
2021-01-09,58.0,139.0,668.0,443.0,348.0,309.0,161.0,121.0,67.0,17.0,1.0,0.0,0.0,2332.0
2021-01-10,39.0,105.0,409.0,265.0,236.0,203.0,106.0,71.0,50.0,25.0,1.0,0.0,0.0,1510.0
2021-01-11,42.0,79.0,364.0,209.0,187.0,178.0,77.0,58.0,39.0,19.0,0.0,0.0,0.0,1252.0
2021-01-12,27.0,57.0,262.0,190.0,136.0,149.0,82.0,72.0,39.0,11.0,0.0,0.0,0.0,1025.0
2021-01-13,25.0,95.0,411.0,280.0,207.0,206.0,105.0,74.0,63.0,14.0,0.0,0.0,0.0,1480.0
2021-01-14,50.0,101.0,394.0,305.0,223.0,210.0,115.0,86.0,52.0,16.0,0.0,0.0,0.0,1552.0
2021-01-15,67.0,112.0,466.0,361.0,310.0,301.0,154.0,137.0,102.0,31.0,3.0,0.0,0.0,2044.0
2021-01-16,68.0,101.0,381.0,308.0,300.0,270.0,153.0,125.0,99.0,33.0,1.0,0.0,0.0,1839.0
2021-01-17,47.0,86.0,363.0,315.0,259.0,214.0,122.0,117.0,56.0,16.0,0.0,0.0,0.0,1595.0
2021-01-18,33.0,68.0,307.0,208.0,199.0,132.0,98.0,71.0,60.0,41.0,0.0,0.0,0.0,1217.0
2021-01-19,29.0,61.0,285.0,213.0,195.0,187.0,105.0,93.0,69.0,16.0,0.0,0.0,0.0,1253.0
2021-01-20,40.0,74.0,277.0,216.0,213.0,164.0,118.0,77.0,67.0,39.0,1.0,0.0,0.0,1286.0
2021-01-21,53.0,73.0,304.0,243.0,201.0,223.0,175.0,92.0,83.0,36.0,2.0,0.0,0.0,1485.0
2021-01-22,34.0,63.0,226.0,176.0,174.0,159.0,115.0,98.0,103.0,32.0,4.0,0.0,0.0,1184.0
2021-01-23,29.0,73.0,209.0,137.0,181.0,155.0,88.0,87.0,80.0,36.0,4.0,0.0,0.0,1079.0
2021-01-24,23.0,41.0,191.0,143.0,125.0,148.0,101.0,90.0,88.0,33.0,3.0,0.0,0.0,986.0
2021-01-25,23.0,36.0,117.0,114.0,83.0,94.0,49.0,50.0,30.0,23.0,0.0,0.0,0.0,619.0
2021-01-26,27.0,45.0,189.0,164.0,145.0,142.0,96.0,95.0,86.0,35.0,2.0,0.0,0.0,1026.0
2021-01-27,23.0,42.0,193.0,161.0,144.0,148.0,87.0,78.0,77.0,19.0,4.0,0.0,0.0,976.0
2021-01-28,62.0,56.0,178.0,173.0,155.0,137.0,86.0,86.0,92.0,38.0,2.0,0.0,0.0,1065.0
2021-01-29,20.0,42.0,172.0,141.0,113.0,119.0,82.0,79.0,71.0,31.0,1.0,0.0,0.0,871.0
2021-01-30,30.0,44.0,146.0,130.0,102.0,117.0,63.0,65.0,56.0,15.0,2.0,0.0,0.0,770.0
2021-01-31,25.0,27.0,123.0,76.0,93.0,89.0,38.0,77.0,62.0,22.0,2.0,0.0,0.0,634.0
2021-02-01,9.0,17.0,62.0,64.0,63.0,54.0,32.0,30.0,47.0,15.0,0.0,0.0,0.0,393.0
2021-02-02,13.0,25.0,114.0,93.0,89.0,67.0,47.0,36.0,51.0,20.0,1.0,0.0,0.0,556.0
2021-02-03,28.0,34.0,129.0,105.0,96.0,81.0,53.0,68.0,56.0,25.0,1.0,0.0,0.0,676.0
2021-02-04,22.0,45.0,138.0,120.0,104.0,97.0,62.0,55.0,64.0,27.0,0.0,0.0,0.0,734.0
2021-02-05,30.0,33.0,107.0,83.0,83.0,77.0,45.0,54.0,41.0,23.0,1.0,0.0,0.0,577.0
2021-02-06,24.0,26.0,128.0,97.0,86.0,71.0,54.0,53.0,67.0,30.0,3.0,0.0,0.0,639.0
2021-02-07,17.0,16.0,79.0,75.0,55.0,52.0,34.0,44.0,39.0,18.0,0.0,0.0,0.0,429.0
2021-02-08,6.0,10.0,54.0,41.0,20.0,36.0,24.0,31.0,29.0,23.0,2.0,0.0,0.0,276.0
2021-02-09,10.0,24.0,76.0,67.0,62.0,58.0,36.0,36.0,25.0,17.0,1.0,0.0,0.0,412.0
2021-02-10,12.0,26.0,80.0,71.0,75.0,60.0,45.0,50.0,52.0,20.0,0.0,0.0,0.0,491.0
2021-02-11,16.0,34.0,79.0,78.0,64.0,57.0,28.0,37.0,27.0,14.0,0.0,0.0,0.0,434.0
2021-02-12,14.0,15.0,44.0,48.0,49.0,36.0,35.0,25.0,24.0,17.0,0.0,0.0,0.0,307.0
2021-02-13,15.0,21.0,63.0,62.0,44.0,55.0,31.0,29.0,37.0,12.0,0.0,0.0,0.0,369.0
2021-02-14,9.0,17.0,71.0,50.0,46.0,42.0,24.0,44.0,46.0,21.0,1.0,0.0,0.0,371.0
2021-02-15,15.0,27.0,51.0,35.0,38.0,37.0,20.0,15.0,21.0,6.0,1.0,0.0,0.0,266.0
2021-02-16,12.0,15.0,65.0,53.0,41.0,59.0,23.0,34.0,36.0,11.0,1.0,0.0,0.0,350.0
2021-02-17,9.0,21.0,66.0,74.0,51.0,52.0,32.0,30.0,35.0,8.0,0.0,0.0,0.0,378.0
2021-02-18,9.0,29.0,108.0,80.0,67.0,49.0,24.0,27.0,41.0,11.0,0.0,0.0,0.0,445.0
2021-02-19,6.0,21.0,84.0,69.0,40.0,49.0,30.0,27.0,22.0,5.0,0.0,0.0,0.0,353.0
2021-02-20,13.0,18.0,69.0,50.0,49.0,39.0,32.0,18.0,25.0,12.0,2.0,0.0,0.0,327.0
2021-02-21,9.0,8.0,53.0,54.0,47.0,37.0,15.0,21.0,17.0,11.0,0.0,0.0,0.0,272.0
2021-02-22,4.0,8.0,35.0,34.0,28.0,24.0,10.0,12.0,17.0,4.0,2.0,0.0,0.0,178.0
2021-02-23,7.0,16.0,61.0,50.0,27.0,35.0,21.0,28.0,19.0,11.0,0.0,0.0,0.0,275.0
2021-02-24,11.0,8.0,28.0,25.0,38.0,32.0,19.0,16.0,22.0,14.0,0.0,0.0,0.0,213.0
2021-02-25,13.0,15.0,62.0,50.0,65.0,48.0,25.0,30.0,22.0,10.0,0.0,0.0,0.0,340.0
2021-02-26,7.0,15.0,65.0,46.0,36.0,30.0,19.0,21.0,23.0,8.0,0.0,0.0,0.0,270.0
2021-02-27,14.0,16.0,77.0,63.0,54.0,44.0,24.0,26.0,14.0,5.0,0.0,0.0,0.0,337.0
2021-02-28,9.0,17.0,43.0,50.0,36.0,30.0,27.0,40.0,45.0,30.0,2.0,0.0,0.0,329.0
2021-03-01,1.0,16.0,22.0,15.0,24.0,16.0,8.0,10.0,9.0,0.0,0.0,0.0,0.0,121.0
2021-03-02,5.0,13.0,49.0,50.0,25.0,31.0,19.0,15.0,20.0,5.0,0.0,0.0,0.0,232.0
2021-03-03,7.0,9.0,65.0,50.0,40.0,33.0,33.0,35.0,28.0,15.0,1.0,0.0,0.0,316.0
2021-03-04,10.0,18.0,71.0,40.0,36.0,34.0,22.0,19.0,19.0,10.0,0.0,0.0,0.0,279.0
2021-03-05,9.0,12.0,63.0,49.0,35.0,44.0,28.0,30.0,24.0,6.0,1.0,0.0,0.0,301.0
2021-03-06,10.0,12.0,68.0,43.0,44.0,29.0,28.0,29.0,22.0,8.0,0.0,0.0,0.0,293.0
2021-03-07,9.0,9.0,44.0,34.0,40.0,40.0,22.0,18.0,17.0,4.0,0.0,0.0,0.0,237.0
2021-03-08,15.0,5.0,20.0,14.0,11.0,18.0,14.0,11.0,8.0,0.0,0.0,0.0,0.0,116.0
2021-03-09,10.0,17.0,44.0,36.0,48.0,45.0,33.0,27.0,30.0,0.0,0.0,0.0,0.0,290.0
2021-03-10,13.0,24.0,73.0,53.0,56.0,39.0,24.0,37.0,17.0,4.0,0.0,0.0,0.0,340.0
2021-03-11,15.0,14.0,76.0,63.0,47.0,40.0,22.0,23.0,28.0,6.0,1.0,0.0,0.0,335.0
2021-03-12,6.0,17.0,62.0,48.0,59.0,36.0,24.0,29.0,18.0,4.0,1.0,0.0,0.0,304.0
2021-03-13,16.0,10.0,75.0,46.0,53.0,45.0,25.0,27.0,30.0,3.0,0.0,0.0,0.0,330.0
2021-03-14,12.0,18.0,46.0,37.0,36.0,26.0,15.0,24.0,19.0,6.0,0.0,0.0,0.0,239.0
2021-03-15,8.0,14.0,32.0,22.0,28.0,20.0,11.0,16.0,13.0,10.0,0.0,0.0,1.0,175.0
2021-03-16,6.0,11.0,55.0,67.0,41.0,45.0,32.0,23.0,13.0,7.0,0.0,0.0,0.0,300.0
2021-03-17,22.0,24.0,88.0,69.0,58.0,55.0,21.0,41.0,25.0,6.0,0.0,0.0,0.0,409.0
2021-03-18,12.0,20.0,65.0,48.0,36.0,42.0,40.0,35.0,20.0,4.0,1.0,0.0,0.0,323.0
2021-03-19,10.0,20.0,67.0,49.0,38.0,38.0,36.0,23.0,18.0,4.0,0.0,0.0,0.0,303.0
2021-03-20,18.0,20.0,87.0,52.0,42.0,50.0,22.0,22.0,23.0,6.0,0.0,0.0,0.0,342.0
2021-03-21,15.0,7.0,52.0,30.0,31.0,41.0,26.0,21.0,25.0,8.0,0.0,0.0,0.0,256.0
2021-03-22,9.0,9.0,39.0,29.0,35.0,21.0,13.0,13.0,17.0,2.0,0.0,0.0,0.0,187.0
2021-03-23,9.0,30.0,86.0,46.0,41.0,43.0,19.0,29.0,24.0,10.0,0.0,0.0,0.0,337.0
2021-03-24,18.0,22.0,89.0,62.0,55.0,48.0,42.0,35.0,35.0,10.0,4.0,0.0,0.0,420.0
2021-03-25,5.0,16.0,90.0,53.0,57.0,55.0,41.0,39.0,27.0,11.0,0.0,0.0,0.0,394.0
2021-03-26,14.0,14.0,88.0,51.0,68.0,43.0,29.0,38.0,22.0,9.0,0.0,0.0,0.0,376.0
2021-03-27,17.0,28.0,107.0,74.0,56.0,54.0,32.0,35.0,17.0,10.0,0.0,0.0,0.0,430.0
2021-03-28,0.0,13.0,88.0,41.0,43.0,47.0,23.0,31.0,19.0,7.0,1.0,0.0,0.0,313.0
2021-03-29,5.0,13.0,54.0,31.0,36.0,31.0,18.0,21.0,17.0,6.0,2.0,0.0,0.0,234.0
2021-03-30,9.0,12.0,86.0,64.0,47.0,55.0,33.0,32.0,17.0,7.0,2.0,0.0,0.0,364.0
2021-03-31,12.0,20.0,115.0,64.0,66.0,49.0,29.0,29.0,25.0,5.0,0.0,0.0,0.0,414.0
2021-04-01,17.0,24.0,114.0,93.0,55.0,64.0,39.0,32.0,24.0,13.0,0.0,0.0,0.0,475.0
2021-04-02,15.0,31.0,114.0,63.0,78.0,63.0,26.0,27.0,16.0,3.0,1.0,0.0,0.0,437.0
2021-04-03,12.0,22.0,132.0,79.0,67.0,53.0,35.0,25.0,13.0,7.0,1.0,0.0,0.0,446.0
2021-04-04,15.0,20.0,102.0,76.0,50.0,52.0,14.0,16.0,6.0,3.0,0.0,0.0,0.0,354.0
2021-04-05,8.0,16.0,78.0,51.0,31.0,27.0,17.0,10.0,7.0,3.0,0.0,0.0,0.0,248.0
2021-04-06,5.0,20.0,115.0,96.0,53.0,60.0,19.0,18.0,8.0,1.0,2.0,0.0,0.0,397.0
2021-04-07,9.0,23.0,178.0,97.0,83.0,80.0,39.0,27.0,14.0,4.0,0.0,0.0,0.0,554.0
2021-04-08,4.0,29.0,173.0,102.0,86.0,66.0,34.0,26.0,15.0,8.0,0.0,0.0,0.0,543.0
2021-04-09,10.0,35.0,173.0,95.0,94.0,76.0,21.0,16.0,12.0,5.0,0.0,0.0,0.0,537.0
2021-04-10,18.0,36.0,163.0,117.0,95.0,75.0,24.0,24.0,12.0,6.0,0.0,0.0,0.0,570.0
2021-04-11,22.0,24.0,138.0,78.0,61.0,39.0,20.0,14.0,21.0,3.0,1.0,0.0,0.0,421.0
2021-04-12,9.0,25.0,87.0,57.0,47.0,41.0,21.0,8.0,9.0,4.0,0.0,0.0,0.0,308.0
2021-04-13,16.0,38.0,156.0,87.0,100.0,51.0,25.0,24.0,14.0,0.0,0.0,0.0,0.0,511.0
2021-04-14,16.0,48.0,182.0,103.0,101.0,79.0,21.0,20.0,16.0,5.0,0.0,0.0,0.0,591.0
2021-04-15,24.0,34.0,202.0,145.0,122.0,96.0,36.0,31.0,27.0,11.0,0.0,0.0,0.0,728.0
2021-04-16,17.0,45.0,199.0,132.0,119.0,64.0,48.0,27.0,11.0,4.0,0.0,0.0,0.0,666.0
2021-04-17,20.0,53.0,239.0,156.0,111.0,78.0,41.0,30.0,20.0,10.0,0.0,0.0,0.0,758.0
2021-04-18,26.0,44.0,144.0,106.0,83.0,46.0,37.0,22.0,25.0,8.0,0.0,0.0,0.0,541.0
2021-04-19,16.0,34.0,86.0,85.0,57.0,58.0,28.0,15.0,17.0,7.0,1.0,0.0,0.0,404.0
2021-04-20,16.0,45.0,175.0,147.0,127.0,67.0,44.0,42.0,33.0,14.0,0.0,0.0,0.0,710.0
2021-04-21,44.0,50.0,219.0,170.0,157.0,94.0,47.0,39.0,17.0,5.0,0.0,0.0,0.0,842.0
2021-04-22,22.0,65.0,261.0,134.0,131.0,103.0,68.0,45.0,21.0,10.0,0.0,0.0,0.0,860.0
2021-04-23,23.0,71.0,226.0,145.0,115.0,96.0,41.0,26.0,11.0,4.0,0.0,0.0,0.0,758.0
2021-04-24,19.0,64.0,248.0,178.0,134.0,100.0,52.0,38.0,31.0,11.0,0.0,0.0,0.0,875.0
2021-04-25,23.0,48.0,181.0,116.0,83.0,91.0,37.0,29.0,20.0,5.0,0.0,0.0,0.0,633.0
2021-04-26,12.0,18.0,117.0,90.0,64.0,62.0,30.0,19.0,10.0,2.0,1.0,0.0,0.0,425.0
2021-04-27,16.0,61.0,220.0,120.0,126.0,119.0,46.0,42.0,51.0,27.0,2.0,0.0,0.0,830.0
2021-04-28,30.0,64.0,256.0,177.0,161.0,114.0,57.0,41.0,15.0,11.0,1.0,0.0,0.0,927.0
2021-04-29,36.0,86.0,282.0,197.0,173.0,135.0,59.0,34.0,24.0,2.0,0.0,0.0,0.0,1028.0
2021-04-30,26.0,60.0,218.0,110.0,130.0,83.0,33.0,22.0,11.0,5.0,0.0,0.0,0.0,698.0
2021-05-01,33.0,72.0,273.0,220.0,174.0,153.0,64.0,38.0,16.0,9.0,0.0,0.0,0.0,1052.0
2021-05-02,46.0,68.0,232.0,161.0,133.0,109.0,54.0,45.0,22.0,7.0,0.0,0.0,0.0,877.0
2021-05-03,33.0,61.0,182.0,132.0,136.0,73.0,36.0,31.0,15.0,8.0,1.0,0.0,0.0,708.0
2021-05-04,25.0,32.0,147.0,121.0,103.0,88.0,33.0,32.0,17.0,7.0,0.0,0.0,0.0,605.0
2021-05-05,19.0,51.0,155.0,141.0,100.0,70.0,40.0,24.0,17.0,1.0,0.0,0.0,0.0,618.0
2021-05-06,21.0,42.0,151.0,121.0,92.0,70.0,40.0,27.0,17.0,9.0,0.0,0.0,0.0,590.0
2021-05-07,36.0,54.0,227.0,189.0,162.0,129.0,48.0,31.0,26.0,6.0,0.0,0.0,0.0,908.0
2021-05-08,40.0,84.0,287.0,217.0,188.0,146.0,71.0,52.0,37.0,4.0,0.0,0.0,0.0,1126.0
2021-05-09,49.0,82.0,305.0,167.0,167.0,122.0,62.0,42.0,26.0,11.0,0.0,0.0,0.0,1033.0
2021-05-10,25.0,40.0,148.0,103.0,101.0,75.0,23.0,35.0,22.0,2.0,0.0,0.0,0.0,574.0
2021-05-11,32.0,61.0,276.0,148.0,141.0,117.0,64.0,46.0,29.0,10.0,0.0,0.0,0.0,924.0
2021-05-12,31.0,66.0,273.0,199.0,147.0,118.0,67.0,33.0,24.0,12.0,1.0,0.0,0.0,971.0
2021-05-13,30.0,66.0,317.0,195.0,152.0,115.0,51.0,41.0,31.0,13.0,0.0,0.0,0.0,1011.0
2021-05-14,30.0,57.0,288.0,144.0,117.0,99.0,55.0,33.0,22.0,8.0,0.0,0.0,0.0,853.0
2021-05-15,25.0,56.0,234.0,135.0,125.0,98.0,43.0,30.0,23.0,2.0,0.0,0.0,0.0,771.0
2021-05-16,25.0,42.0,165.0,99.0,69.0,64.0,33.0,26.0,15.0,5.0,0.0,0.0,0.0,543.0
2021-05-17,7.0,30.0,125.0,85.0,53.0,50.0,31.0,18.0,16.0,4.0,1.0,0.0,0.0,420.0
2021-05-18,19.0,47.0,210.0,143.0,123.0,90.0,36.0,39.0,14.0,10.0,1.0,0.0,0.0,732.0
2021-05-19,19.0,50.0,212.0,155.0,113.0,98.0,46.0,44.0,25.0,6.0,1.0,0.0,0.0,769.0
2021-05-20,27.0,53.0,269.0,152.0,113.0,99.0,60.0,34.0,26.0,11.0,0.0,0.0,0.0,844.0
2021-05-21,28.0,37.0,215.0,114.0,94.0,77.0,27.0,32.0,17.0,6.0,0.0,0.0,0.0,647.0
2021-05-22,29.0,25.0,181.0,110.0,101.0,64.0,37.0,26.0,25.0,2.0,0.0,0.0,0.0,600.0
2021-05-23,24.0,30.0,162.0,89.0,79.0,67.0,29.0,31.0,17.0,3.0,1.0,0.0,0.0,532.0
2021-05-24,16.0,32.0,91.0,51.0,41.0,49.0,23.0,15.0,14.0,7.0,1.0,0.0,0.0,340.0
2021-05-25,19.0,26.0,143.0,122.0,90.0,64.0,31.0,26.0,12.0,7.0,0.0,0.0,0.0,540.0
2021-05-26,26.0,45.0,178.0,156.0,121.0,86.0,49.0,40.0,32.0,11.0,0.0,0.0,0.0,744.0
2021-05-27,24.0,41.0,178.0,139.0,111.0,87.0,46.0,36.0,13.0,5.0,0.0,0.0,0.0,680.0
2021-05-28,26.0,31.0,168.0,133.0,104.0,65.0,37.0,23.0,24.0,2.0,0.0,0.0,0.0,613.0
2021-05-29,22.0,37.0,160.0,115.0,79.0,61.0,36.0,19.0,9.0,2.0,1.0,0.0,0.0,541.0
2021-05-30,16.0,37.0,134.0,73.0,73.0,63.0,23.0,16.0,9.0,2.0,0.0,0.0,0.0,446.0
2021-05-31,10.0,17.0,71.0,59.0,38.0,33.0,11.0,9.0,6.0,5.0,0.0,0.0,0.0,259.0
2021-06-01,22.0,37.0,115.0,103.0,88.0,46.0,24.0,22.0,14.0,0.0,0.0,0.0,0.0,471.0
2021-06-02,18.0,30.0,146.0,87.0,92.0,47.0,32.0,20.0,15.0,0.0,0.0,0.0,0.0,487.0
2021-06-03,20.0,27.0,135.0,108.0,81.0,77.0,21.0,24.0,10.0,5.0,1.0,0.0,0.0,509.0
2021-06-04,32.0,27.0,132.0,99.0,73.0,63.0,19.0,19.0,5.0,3.0,0.0,0.0,0.0,472.0
2021-06-05,15.0,26.0,127.0,96.0,69.0,56.0,21.0,15.0,9.0,1.0,0.0,0.0,0.0,435.0
2021-06-06,17.0,20.0,82.0,81.0,64.0,43.0,23.0,11.0,8.0,1.0,0.0,0.0,0.0,350.0
2021-06-07,4.0,14.0,83.0,49.0,39.0,27.0,9.0,7.0,5.0,0.0,0.0,0.0,0.0,237.0
2021-06-08,19.0,24.0,115.0,72.0,58.0,41.0,21.0,15.0,3.0,2.0,0.0,0.0,0.0,370.0
2021-06-09,12.0,27.0,135.0,96.0,72.0,54.0,26.0,12.0,4.0,2.0,0.0,0.0,0.0,440.0
2021-06-10,11.0,27.0,141.0,83.0,77.0,64.0,17.0,11.0,4.0,1.0,0.0,0.0,0.0,436.0
2021-06-11,8.0,28.0,167.0,79.0,71.0,39.0,24.0,10.0,7.0,2.0,0.0,0.0,0.0,435.0
2021-06-12,18.0,36.0,160.0,87.0,68.0,50.0,20.0,15.0,10.0,3.0,0.0,0.0,0.0,467.0
2021-06-13,13.0,25.0,99.0,63.0,43.0,28.0,14.0,10.0,7.0,0.0,0.0,0.0,0.0,302.0
2021-06-14,3.0,13.0,70.0,37.0,28.0,25.0,18.0,5.0,7.0,2.0,0.0,0.0,0.0,208.0
2021-06-15,8.0,28.0,96.0,79.0,50.0,39.0,17.0,13.0,6.0,0.0,1.0,0.0,0.0,337.0
2021-06-16,8.0,43.0,152.0,88.0,95.0,68.0,23.0,14.0,7.0,2.0,0.0,0.0,0.0,500.0
2021-06-17,16.0,30.0,147.0,92.0,73.0,51.0,19.0,10.0,8.0,6.0,0.0,0.0,0.0,452.0
2021-06-18,9.0,40.0,145.0,93.0,86.0,41.0,24.0,9.0,3.0,3.0,0.0,0.0,0.0,453.0
2021-06-19,18.0,27.0,126.0,68.0,56.0,52.0,22.0,8.0,7.0,4.0,0.0,0.0,0.0,388.0
2021-06-20,22.0,35.0,130.0,53.0,51.0,52.0,14.0,11.0,6.0,1.0,0.0,0.0,0.0,375.0
2021-06-21,4.0,18.0,79.0,45.0,46.0,30.0,8.0,3.0,2.0,0.0,1.0,0.0,0.0,236.0
2021-06-22,10.0,44.0,130.0,83.0,70.0,55.0,19.0,11.0,10.0,4.0,0.0,0.0,0.0,436.0
2021-06-23,15.0,77.0,165.0,129.0,101.0,82.0,28.0,14.0,9.0,0.0,0.0,0.0,0.0,620.0
2021-06-24,19.0,75.0,156.0,106.0,102.0,73.0,25.0,6.0,6.0,2.0,0.0,0.0,0.0,570.0
2021-06-25,25.0,63.0,180.0,112.0,81.0,67.0,20.0,11.0,4.0,0.0,0.0,0.0,0.0,563.0
2021-06-26,42.0,44.0,159.0,99.0,78.0,64.0,26.0,13.0,9.0,1.0,0.0,0.0,0.0,535.0
2021-06-27,16.0,35.0,108.0,74.0,68.0,43.0,23.0,13.0,5.0,1.0,0.0,0.0,0.0,386.0
2021-06-28,8.0,27.0,95.0,61.0,47.0,49.0,15.0,10.0,4.0,1.0,0.0,0.0,0.0,317.0
2021-06-29,11.0,47.0,136.0,83.0,81.0,69.0,28.0,15.0,6.0,0.0,0.0,0.0,0.0,476.0
2021-06-30,17.0,61.0,201.0,132.0,143.0,94.0,36.0,13.0,13.0,4.0,0.0,0.0,0.0,714.0
2021-07-01,27.0,48.0,208.0,155.0,96.0,89.0,28.0,14.0,7.0,2.0,0.0,0.0,0.0,674.0
2021-07-02,30.0,43.0,221.0,113.0,102.0,94.0,30.0,16.0,9.0,2.0,0.0,0.0,0.0,660.0
2021-07-03,20.0,45.0,246.0,166.0,109.0,71.0,30.0,10.0,15.0,3.0,0.0,0.0,0.0,715.0
2021-07-04,22.0,38.0,168.0,118.0,95.0,44.0,20.0,9.0,3.0,1.0,0.0,0.0,0.0,518.0
2021-07-05,7.0,26.0,101.0,61.0,62.0,39.0,25.0,7.0,11.0,3.0,0.0,0.0,0.0,342.0
2021-07-06,21.0,29.0,169.0,129.0,107.0,96.0,25.0,12.0,4.0,0.0,0.0,0.0,0.0,592.0
2021-07-07,53.0,70.0,265.0,191.0,181.0,103.0,39.0,12.0,6.0,0.0,0.0,0.0,0.0,920.0
2021-07-08,34.0,62.0,260.0,193.0,161.0,113.0,40.0,23.0,10.0,0.0,0.0,0.0,0.0,896.0
2021-07-09,35.0,46.0,271.0,157.0,147.0,113.0,35.0,14.0,4.0,1.0,0.0,0.0,0.0,823.0
2021-07-10,35.0,67.0,302.0,186.0,171.0,107.0,44.0,20.0,16.0,3.0,0.0,0.0,0.0,951.0
2021-07-11,24.0,50.0,207.0,119.0,109.0,64.0,21.0,12.0,6.0,1.0,0.0,0.0,0.0,613.0
2021-07-12,25.0,33.0,172.0,102.0,92.0,50.0,16.0,8.0,3.0,2.0,0.0,0.0,0.0,503.0
2021-07-13,17.0,53.0,257.0,175.0,144.0,113.0,39.0,21.0,7.0,3.0,0.0,0.0,0.0,829.0
2021-07-14,72.0,98.0,327.0,214.0,209.0,140.0,57.0,15.0,18.0,0.0,0.0,0.0,0.0,1150.0
2021-07-15,49.0,103.0,450.0,256.0,212.0,153.0,50.0,21.0,10.0,5.0,0.0,0.0,0.0,1309.0
2021-07-16,53.0,109.0,432.0,265.0,201.0,142.0,40.0,17.0,9.0,3.0,1.0,0.0,0.0,1272.0
2021-07-17,60.0,110.0,470.0,311.0,232.0,149.0,51.0,17.0,9.0,1.0,1.0,0.0,0.0,1411.0
2021-07-18,43.0,65.0,326.0,203.0,186.0,123.0,26.0,20.0,14.0,2.0,0.0,0.0,0.0,1008.0
2021-07-19,45.0,48.0,204.0,173.0,127.0,82.0,29.0,11.0,7.0,1.0,0.0,0.0,0.0,727.0
2021-07-20,75.0,78.0,448.0,301.0,234.0,181.0,45.0,21.0,6.0,2.0,0.0,0.0,0.0,1391.0
2021-07-21,76.0,130.0,582.0,412.0,294.0,233.0,64.0,25.0,13.0,9.0,1.0,0.0,0.0,1839.0
2021-07-22,95.0,161.0,659.0,400.0,315.0,246.0,56.0,38.0,11.0,2.0,1.0,0.0,0.0,1984.0
2021-07-23,73.0,111.0,496.0,276.0,206.0,142.0,37.0,11.0,13.0,2.0,0.0,0.0,0.0,1367.0
2021-07-24,61.0,98.0,387.0,255.0,168.0,118.0,34.0,17.0,8.0,2.0,0.0,0.0,0.0,1148.0
2021-07-25,83.0,167.0,585.0,373.0,309.0,183.0,49.0,20.0,12.0,3.0,1.0,0.0,0.0,1785.0
2021-07-26,47.0,139.0,497.0,316.0,235.0,161.0,36.0,10.0,6.0,2.0,0.0,0.0,0.0,1449.0
2021-07-27,97.0,278.0,970.0,617.0,474.0,303.0,93.0,25.0,23.0,8.0,1.0,0.0,0.0,2889.0
2021-07-28,138.0,251.0,1097.0,694.0,499.0,380.0,102.0,37.0,26.0,9.0,1.0,0.0,0.0,3234.0
2021-07-29,119.0,330.0,1439.0,795.0,620.0,414.0,123.0,45.0,31.0,3.0,1.0,0.0,0.0,3920.0
2021-07-30,112.0,278.0,1247.0,744.0,527.0,332.0,87.0,30.0,22.0,7.0,0.0,0.0,0.0,3386.0
2021-07-31,157.0,362.0,1514.0,909.0,596.0,403.0,129.0,45.0,19.0,8.0,1.0,0.0,0.0,4143.0
2021-08-01,104.0,279.0,1177.0,653.0,438.0,333.0,81.0,37.0,25.0,6.0,1.0,0.0,0.0,3134.0
2021-08-02,95.0,175.0,805.0,536.0,349.0,228.0,54.0,25.0,13.0,2.0,0.0,0.0,0.0,2282.0
2021-08-03,161.0,329.0,1241.0,870.0,604.0,413.0,104.0,44.0,23.0,8.0,1.0,0.0,0.0,3798.0
2021-08-04,179.0,351.0,1432.0,915.0,681.0,509.0,143.0,58.0,37.0,10.0,1.0,0.0,0.0,4316.0
2021-08-05,234.0,451.0,1631.0,1148.0,828.0,561.0,150.0,75.0,53.0,16.0,1.0,0.0,1.0,5149.0
2021-08-06,199.0,382.0,1580.0,994.0,761.0,512.0,146.0,63.0,40.0,10.0,1.0,0.0,0.0,4688.0
2021-08-07,213.0,424.0,1502.0,996.0,687.0,548.0,164.0,67.0,40.0,10.0,1.0,0.0,0.0,4652.0
2021-08-08,195.0,358.0,1386.0,815.0,695.0,481.0,122.0,54.0,27.0,5.0,1.0,0.0,0.0,4139.0
2021-08-09,143.0,268.0,1019.0,588.0,449.0,325.0,108.0,36.0,29.0,7.0,0.0,0.0,0.0,2972.0
2021-08-10,113.0,240.0,895.0,594.0,444.0,314.0,91.0,42.0,31.0,11.0,0.0,0.0,0.0,2775.0
2021-08-11,214.0,410.0,1342.0,909.0,762.0,518.0,151.0,62.0,44.0,9.0,3.0,0.0,1.0,4425.0
2021-08-12,240.0,484.0,1540.0,1065.0,884.0,646.0,150.0,61.0,48.0,14.0,1.0,0.0,0.0,5133.0
2021-08-13,279.0,534.0,1845.0,1234.0,980.0,703.0,193.0,75.0,51.0,14.0,0.0,0.0,0.0,5908.0
2021-08-14,279.0,482.0,1626.0,1109.0,842.0,601.0,168.0,66.0,49.0,26.0,1.0,0.0,0.0,5249.0
2021-08-15,216.0,419.0,1341.0,888.0,714.0,515.0,154.0,64.0,36.0,10.0,1.0,0.0,0.0,4358.0
2021-08-16,168.0,297.0,980.0,609.0,480.0,366.0,104.0,49.0,41.0,23.0,2.0,0.0,0.0,3119.0
2021-08-17,207.0,436.0,1376.0,941.0,765.0,527.0,160.0,69.0,40.0,13.0,0.0,0.0,0.0,4534.0
2021-08-18,271.0,511.0,1727.0,1175.0,912.0,629.0,183.0,82.0,55.0,21.0,1.0,0.0,0.0,5567.0
2021-08-19,327.0,564.0,1736.0,1143.0,943.0,639.0,184.0,120.0,57.0,16.0,0.0,0.0,0.0,5729.0
2021-08-20,307.0,534.0,1733.0,1102.0,911.0,572.0,174.0,105.0,65.0,24.0,2.0,0.0,0.0,5529.0
2021-08-21,350.0,585.0,1656.0,1001.0,771.0,562.0,159.0,90.0,58.0,15.0,0.0,0.0,0.0,5247.0
2021-08-22,281.0,488.0,1355.0,858.0,722.0,450.0,119.0,86.0,64.0,19.0,6.0,0.0,0.0,4448.0
2021-08-23,138.0,288.0,777.0,523.0,402.0,251.0,93.0,42.0,15.0,5.0,2.0,0.0,1.0,2537.0
2021-08-24,255.0,444.0,1313.0,905.0,692.0,441.0,133.0,86.0,45.0,13.0,1.0,0.0,0.0,4328.0
2021-08-25,313.0,424.0,1214.0,913.0,680.0,503.0,119.0,88.0,60.0,20.0,0.0,0.0,0.0,4334.0
2021-08-26,327.0,485.0,1350.0,923.0,827.0,515.0,161.0,108.0,67.0,18.0,2.0,0.0,0.0,4783.0
2021-08-27,349.0,439.0,1233.0,806.0,712.0,502.0,157.0,98.0,44.0,8.0,2.0,0.0,0.0,4350.0
2021-08-28,272.0,381.0,1014.0,725.0,596.0,445.0,130.0,74.0,42.0,12.0,0.0,0.0,0.0,3691.0
2021-08-29,217.0,371.0,825.0,602.0,535.0,346.0,113.0,75.0,27.0,12.0,1.0,0.0,0.0,3124.0
2021-08-30,122.0,206.0,567.0,375.0,322.0,228.0,72.0,39.0,27.0,11.0,0.0,0.0,0.0,1969.0
2021-08-31,217.0,273.0,795.0,591.0,498.0,336.0,117.0,54.0,31.0,14.0,0.0,0.0,0.0,2926.0
2021-09-01,258.0,317.0,837.0,667.0,507.0,351.0,103.0,77.0,44.0,15.0,0.0,0.0,0.0,3176.0
2021-09-02,258.0,331.0,790.0,630.0,487.0,386.0,108.0,69.0,30.0,8.0,0.0,0.0,0.0,3097.0
2021-09-03,240.0,271.0,664.0,476.0,404.0,282.0,103.0,59.0,29.0,6.0,0.0,0.0,0.0,2534.0
2021-09-04,209.0,222.0,642.0,471.0,354.0,272.0,97.0,59.0,33.0,11.0,0.0,0.0,0.0,2370.0
2021-09-05,184.0,215.0,488.0,328.0,289.0,192.0,81.0,38.0,33.0,5.0,1.0,0.0,0.0,1854.0
2021-09-06,95.0,89.0,246.0,190.0,189.0,104.0,36.0,14.0,9.0,1.0,1.0,0.0,0.0,974.0
2021-09-07,161.0,130.0,441.0,308.0,254.0,189.0,77.0,40.0,29.0,5.0,0.0,0.0,0.0,1634.0
2021-09-08,157.0,196.0,446.0,363.0,323.0,206.0,63.0,57.0,24.0,5.0,0.0,0.0,0.0,1840.0
2021-09-09,149.0,150.0,406.0,348.0,286.0,165.0,79.0,47.0,36.0,11.0,0.0,0.0,0.0,1677.0
2021-09-10,106.0,97.0,334.0,222.0,211.0,142.0,65.0,49.0,16.0,4.0,0.0,0.0,0.0,1246.0
2021-09-11,134.0,127.0,315.0,253.0,190.0,132.0,52.0,41.0,23.0,9.0,0.0,0.0,0.0,1276.0
2021-09-12,111.0,139.0,258.0,186.0,184.0,105.0,36.0,29.0,21.0,3.0,0.0,0.0,0.0,1072.0
2021-09-13,53.0,62.0,167.0,114.0,93.0,73.0,23.0,20.0,7.0,3.0,0.0,0.0,0.0,615.0
2021-09-14,94.0,81.0,261.0,200.0,168.0,114.0,39.0,27.0,22.0,5.0,0.0,0.0,0.0,1011.0
2021-09-15,79.0,78.0,269.0,214.0,189.0,135.0,46.0,24.0,16.0,8.0,0.0,0.0,0.0,1058.0
2021-09-16,77.0,61.0,213.0,144.0,145.0,103.0,36.0,24.0,24.0,5.0,0.0,0.0,0.0,832.0
2021-09-17,85.0,78.0,191.0,146.0,126.0,85.0,36.0,26.0,13.0,3.0,1.0,0.0,0.0,790.0
2021-09-18,83.0,81.0,249.0,164.0,118.0,96.0,36.0,27.0,9.0,2.0,0.0,0.0,0.0,865.0
2021-09-19,57.0,72.0,128.0,100.0,95.0,47.0,23.0,20.0,19.0,2.0,0.0,0.0,0.0,563.0
2021-09-20,21.0,27.0,88.0,56.0,42.0,26.0,12.0,11.0,14.0,4.0,0.0,0.0,0.0,301.0
2021-09-21,15.0,21.0,89.0,55.0,33.0,15.0,14.0,8.0,7.0,1.0,0.0,0.0,0.0,258.0
2021-09-22,38.0,48.0,136.0,105.0,90.0,69.0,26.0,13.0,9.0,4.0,0.0,0.0,0.0,538.0
2021-09-23,46.0,51.0,132.0,99.0,85.0,64.0,21.0,20.0,15.0,0.0,0.0,0.0,0.0,533.0
2021-09-24,16.0,26.0,63.0,42.0,36.0,30.0,13.0,7.0,6.0,0.0,0.0,0.0,0.0,239.0
2021-09-25,33.0,30.0,94.0,68.0,55.0,49.0,22.0,18.0,9.0,4.0,0.0,0.0,0.0,382.0
2021-09-26,35.0,31.0,76.0,60.0,40.0,28.0,16.0,12.0,3.0,1.0,0.0,0.0,0.0,302.0
2021-09-27,9.0,16.0,38.0,29.0,31.0,16.0,5.0,5.0,5.0,1.0,0.0,0.0,0.0,155.0
2021-09-28,13.0,19.0,83.0,38.0,41.0,28.0,7.0,8.0,12.0,1.0,0.0,0.0,0.0,250.0
2021-09-29,18.0,22.0,60.0,64.0,38.0,30.0,15.0,11.0,7.0,3.0,0.0,0.0,0.0,268.0
2021-09-30,14.0,18.0,64.0,37.0,30.0,26.0,11.0,9.0,5.0,4.0,1.0,0.0,0.0,219.0
2021-10-01,14.0,18.0,51.0,35.0,25.0,20.0,16.0,8.0,6.0,3.0,0.0,0.0,0.0,196.0
2021-10-02,17.0,11.0,53.0,25.0,26.0,26.0,10.0,11.0,7.0,10.0,1.0,0.0,0.0,197.0
2021-10-03,5.0,16.0,49.0,32.0,19.0,12.0,8.0,6.0,11.0,3.0,0.0,0.0,0.0,161.0
2021-10-04,5.0,3.0,24.0,13.0,17.0,10.0,11.0,2.0,2.0,0.0,0.0,0.0,0.0,87.0
2021-10-05,20.0,6.0,31.0,28.0,23.0,19.0,7.0,2.0,4.0,0.0,0.0,0.0,0.0,140.0
2021-10-06,16.0,14.0,41.0,29.0,19.0,16.0,3.0,3.0,7.0,1.0,0.0,0.0,0.0,149.0
2021-10-07,11.0,9.0,31.0,32.0,15.0,17.0,11.0,8.0,7.0,2.0,0.0,0.0,0.0,143.0
2021-10-08,16.0,14.0,30.0,26.0,21.0,12.0,4.0,7.0,4.0,1.0,0.0,0.0,0.0,135.0
2021-10-09,8.0,11.0,20.0,16.0,8.0,5.0,5.0,5.0,3.0,1.0,0.0,0.0,0.0,82.0
2021-10-10,7.0,6.0,11.0,8.0,9.0,7.0,1.0,7.0,2.0,1.0,0.0,0.0,0.0,59.0
2021-10-11,6.0,4.0,10.0,10.0,7.0,8.0,0.0,2.0,0.0,2.0,0.0,0.0,0.0,49.0
2021-10-12,9.0,8.0,18.0,13.0,7.0,9.0,4.0,2.0,1.0,2.0,0.0,0.0,0.0,73.0
2021-10-13,6.0,8.0,14.0,12.0,8.0,10.0,4.0,4.0,2.0,3.0,0.0,0.0,0.0,71.0
2021-10-14,6.0,7.0,12.0,9.0,13.0,6.0,2.0,3.0,3.0,0.0,0.0,0.0,0.0,61.0
2021-10-15,7.0,4.0,16.0,8.0,8.0,3.0,5.0,3.0,3.0,0.0,0.0,0.0,0.0,57.0
2021-10-16,2.0,2.0,13.0,14.0,12.0,4.0,5.0,8.0,3.0,2.0,0.0,0.0,0.0,65.0
2021-10-17,5.0,2.0,8.0,7.0,5.0,4.0,3.0,1.0,3.0,0.0,0.0,0.0,0.0,38.0
2021-10-18,5.0,1.0,7.0,6.0,4.0,3.0,1.0,1.0,0.0,0.0,0.0,0.0,0.0,28.0
2021-10-19,5.0,4.0,7.0,4.0,4.0,6.0,1.0,2.0,1.0,0.0,0.0,0.0,0.0,34.0
2021-10-20,1.0,2.0,8.0,7.0,6.0,4.0,2.0,1.0,5.0,2.0,1.0,0.0,0.0,39.0
2021-10-21,4.0,4.0,5.0,6.0,8.0,1.0,2.0,2.0,2.0,2.0,0.0,0.0,0.0,36.0
2021-10-22,1.0,1.0,9.0,6.0,2.0,1.0,1.0,2.0,2.0,0.0,0.0,0.0,0.0,25.0
2021-10-23,3.0,1.0,10.0,5.0,4.0,4.0,1.0,0.0,0.0,0.0,0.0,0.0,0.0,28.0
2021-10-24,1.0,0.0,5.0,4.0,2.0,2.0,0.0,2.0,0.0,0.0,0.0,0.0,0.0,16.0
2021-10-25,2.0,2.0,5.0,1.0,2.0,2.0,1.0,2.0,0.0,0.0,0.0,0.0,0.0,17.0
2021-10-26,5.0,1.0,12.0,3.0,2.0,2.0,2.0,0.0,1.0,0.0,0.0,0.0,0.0,28.0
2021-10-27,0.0,3.0,11.0,9.0,6.0,3.0,2.0,1.0,1.0,0.0,0.0,0.0,0.0,36.0
2021-10-28,0.0,1.0,6.0,7.0,0.0,1.0,1.0,4.0,0.0,1.0,0.0,0.0,0.0,21.0
2021-10-29,2.0,2.0,7.0,2.0,1.0,3.0,3.0,1.0,0.0,0.0,0.0,0.0,0.0,21.0
2021-10-30,2.0,0.0,4.0,5.0,2.0,2.0,0.0,3.0,2.0,1.0,0.0,0.0,0.0,21.0
2021-10-31,2.0,3.0,3.0,5.0,3.0,4.0,1.0,0.0,0.0,0.0,0.0,0.0,0.0,21.0
2021-11-01,1.0,0.0,0.0,5.0,1.0,0.0,1.0,1.0,0.0,0.0,0.0,0.0,0.0,9.0
2021-11-02,2.0,2.0,6.0,2.0,3.0,1.0,1.0,1.0,0.0,0.0,0.0,0.0,0.0,18.0
2021-11-03,2.0,1.0,2.0,6.0,6.0,2.0,2.0,3.0,1.0,0.0,0.0,0.0,0.0,25.0
2021-11-04,2.0,0.0,1.0,2.0,2.0,1.0,2.0,0.0,3.0,1.0,0.0,0.0,0.0,14.0
2021-11-05,4.0,3.0,4.0,5.0,2.0,1.0,5.0,0.0,1.0,0.0,0.0,0.0,0.0,25.0
2021-11-06,3.0,3.0,10.0,4.0,2.0,2.0,2.0,1.0,2.0,0.0,0.0,0.0,0.0,29.0
2021-11-07,3.0,2.0,5.0,2.0,6.0,1.0,0.0,0.0,2.0,0.0,0.0,0.0,0.0,21.0
2021-11-08,4.0,2.0,3.0,1.0,3.0,3.0,2.0,0.0,0.0,0.0,0.0,0.0,0.0,18.0
2021-11-09,4.0,1.0,8.0,7.0,2.0,2.0,1.0,2.0,3.0,0.0,0.0,0.0,0.0,30.0
2021-11-10,5.0,3.0,6.0,3.0,3.0,0.0,0.0,4.0,1.0,0.0,0.0,0.0,0.0,25.0
2021-11-11,1.0,5.0,8.0,6.0,4.0,0.0,4.0,1.0,2.0,0.0,0.0,0.0,0.0,31.0
2021-11-12,1.0,3.0,9.0,4.0,2.0,0.0,1.0,1.0,0.0,1.0,0.0,0.0,0.0,22.0
2021-11-13,2.0,4.0,5.0,5.0,3.0,3.0,1.0,0.0,1.0,0.0,0.0,0.0,0.0,24.0
2021-11-14,0.0,3.0,5.0,5.0,3.0,2.0,1.0,1.0,2.0,0.0,0.0,0.0,0.0,22.0
2021-11-15,0.0,0.0,4.0,1.0,0.0,0.0,0.0,0.0,1.0,1.0,0.0,0.0,0.0,7.0
2021-11-16,0.0,0.0,5.0,3.0,4.0,1.0,1.0,0.0,1.0,0.0,0.0,0.0,0.0,15.0
2021-11-17,3.0,0.0,10.0,2.0,3.0,4.0,1.0,2.0,2.0,0.0,0.0,0.0,0.0,27.0
2021-11-18,3.0,5.0,1.0,5.0,2.0,2.0,2.0,0.0,0.0,0.0,0.0,0.0,0.0,20.0
2021-11-19,0.0,1.0,5.0,3.0,4.0,1.0,1.0,1.0,0.0,0.0,0.0,0.0,0.0,16.0
2021-11-20,1.0,1.0,6.0,2.0,0.0,3.0,1.0,1.0,1.0,0.0,0.0,0.0,0.0,16.0
2021-11-21,0.0,4.0,4.0,2.0,2.0,3.0,3.0,0.0,1.0,1.0,0.0,0.0,0.0,20.0
2021-11-22,0.0,0.0,1.0,2.0,1.0,1.0,0.0,1.0,0.0,0.0,0.0,0.0,0.0,6.0
2021-11-23,2.0,2.0,2.0,3.0,1.0,4.0,3.0,0.0,0.0,0.0,0.0,0.0,0.0,17.0
2021-11-24,0.0,1.0,2.0,1.0,0.0,1.0,0.0,0.0,0.0,0.0,0.0,0.0,0.0,5.0
2021-11-25,5.0,2.0,5.0,7.0,4.0,3.0,0.0,1.0,0.0,0.0,0.0,0.0,0.0,27.0
2021-11-26,2.0,1.0,6.0,1.0,3.0,1.0,2.0,2.0,1.0,0.0,0.0,0.0,0.0,19.0
2021-11-27,1.0,1.0,10.0,0.0,0.0,2.0,1.0,1.0,0.0,0.0,0.0,0.0,0.0,16.0
2021-11-28,0.0,0.0,3.0,0.0,2.0,2.0,1.0,0.0,1.0,0.0,0.0,0.0,0.0,9.0
2021-11-29,0.0,2.0,2.0,2.0,1.0,1.0,0.0,0.0,0.0,0.0,0.0,0.0,0.0,8.0
2021-11-30,1.0,8.0,6.0,3.0,1.0,0.0,0.0,1.0,1.0,0.0,0.0,0.0,0.0,21.0
2021-12-01,2.0,0.0,6.0,2.0,6.0,0.0,3.0,1.0,1.0,0.0,0.0,0.0,0.0,21.0
2021-12-02,1.0,0.0,5.0,4.0,0.0,1.0,0.0,0.0,0.0,0.0,0.0,0.0,0.0,11.0
2021-12-03,0.0,3.0,5.0,3.0,0.0,1.0,0.0,2.0,0.0,0.0,0.0,0.0,0.0,14.0
2021-12-04,1.0,3.0,3.0,3.0,4.0,3.0,0.0,0.0,1.0,1.0,0.0,0.0,0.0,19.0
2021-12-05,0.0,1.0,4.0,2.0,6.0,2.0,4.0,1.0,0.0,0.0,0.0,0.0,0.0,20.0
2021-12-06,0.0,1.0,2.0,1.0,1.0,0.0,0.0,2.0,0.0,0.0,0.0,0.0,0.0,7.0
2021-12-07,1.0,3.0,3.0,3.0,2.0,3.0,1.0,1.0,2.0,0.0,0.0,0.0,0.0,19.0
2021-12-08,1.0,4.0,6.0,2.0,4.0,1.0,2.0,1.0,0.0,0.0,0.0,0.0,0.0,21.0
2021-12-09,2.0,3.0,2.0,2.0,2.0,4.0,1.0,1.0,0.0,0.0,0.0,0.0,0.0,17.0
