,地域コード,都道府県,市,世帯人員,食料（合計）,01　穀類,米,食パン,他のパン,生うどん・そば,乾うどん・そば,パスタ,中華麺,カップ麺,即席麺,他の麺類,小麦粉,もち,他の穀類のその他,02　魚介類,まぐろ,あじ,いわし,かつお,かれい,さけ,さば,さんま,たい,ぶり,いか,たこ,えび,かに,他の鮮魚,さしみ盛合わせ,あさり,しじみ,かき（貝）,ほたて貝,他の貝,塩さけ,たらこ,しらす干し,干しあじ,他の塩干魚介,揚げかまぼこ,ちくわ,かまぼこ,他の魚肉練製品,かつお節・削り節,魚介の漬物,魚介のつくだ煮,魚介の缶詰,他の魚介加工品のその他,03　肉類,牛肉,豚肉,鶏肉,合いびき肉,他の生鮮肉,ハム,ソーセージ,ベーコン,他の加工肉,04　乳卵類,牛乳,粉ミルク,ヨーグルト,バター,チーズ,他の乳製品,卵,05　野菜・海藻,キャベツ,ほうれんそう,はくさい,ねぎ,レタス,ブロッコリー,もやし,他の葉茎菜,さつまいも,じゃがいも,さといも,だいこん,にんじん,ごぼう,たまねぎ,れんこん,たけのこ,他の根菜,さやまめ,かぼちゃ,きゅうり,なす,トマト,ピーマン,生しいたけ,しめじ,えのきたけ,他のきのこ,他の野菜のその他,豆類,干ししいたけ,干しのり,わかめ,こんぶ,他の乾物・海藻,豆腐,油揚げ・がんもどき,納豆,他の大豆製品,こんにゃく,梅干し,だいこん漬,はくさい漬,他の野菜の漬物,こんぶつくだ煮,他の野菜・海藻の佃煮,他の野菜・海藻加工品のその他,06　果物,りんご,みかん,オレンジ,他の柑きつ類,梨,ぶどう,柿,桃,すいか,メロン,いちご,バナナ,キウイフルーツ,他の果物,果物加工品,07　油脂・調味料,食用油,マーガリン,食塩,しょう油,みそ,砂糖,酢,ソース,ケチャップ,マヨネーズ・マヨネーズ風調味料,ドレッシング,ジャム,カレールウ,乾燥スープ,風味調味料,ふりかけ,つゆ・たれ,他の調味料,08　菓子類,ようかん,まんじゅう,他の和生菓子,カステラ,ケーキ,ゼリー,プリン,他の洋生菓子,せんべい,ビスケット,スナック菓子,キャンデー,チョコレート,チョコレート菓子,アイスクリーム・シャーベット,他の菓子,09　調理食品,弁当,すし（弁当）,おにぎり・その他,調理パン,他の主食的調理食品,うなぎのかば焼き,サラダ,コロッケ,カツレツ,天ぷら・フライ,しゅうまい,ぎょうざ,やきとり,ハンバーグ,冷凍調理食品,そうざい材料セット,他の調理食品のその他,10　飲料,緑茶,紅茶,他の茶葉,茶飲料,コーヒー,コーヒー飲料,ココア・ココア飲料,果実・野菜ジュース,炭酸飲料,乳酸菌飲料,乳飲料,ミネラルウォーター,スポーツドリンク,他の飲料のその他,11　酒類,清酒,焼酎,ビール,ウイスキー,ワイン,発泡酒・ビール風アルコール飲料,チューハイ・カクテル,他の酒,12　外食,日本そば・うどん,中華そば,他の麺類外食,すし（外食）,和食,中華食,洋食,焼肉,ハンバーガー,他の主食的外食,喫茶代,飲酒代,学校給食
0,R00000,全国,全国,2.97,960026,79312,23815,9860,21531,3444,2263,1271,4184,4753,1946,700,650,1751,3143,75070,5278,1094,490,1382,937,4926,949,793,952,2924,1815,1318,2936,1567,6797,4585,756,387,812,1066,402,2185,2103,1568,666,7122,2196,1673,3074,1462,873,2997,981,3015,2989,93129,22241,31030,16249,2753,2726,5076,7536,2682,2835,47073,15340,690,13453,1196,6240,570,9584,108101,3006,2084,1338,3212,2525,2324,1024,6807,1059,2458,790,1717,2479,1048,3323,1000,714,3505,2002,1565,3446,2059,8091,2273,1994,1846,1257,2522,4260,464,406,2973,1603,890,2951,5259,2951,4375,892,1820,1465,1036,545,5108,1161,406,2068,39316,4748,4303,647,2371,1674,2902,1047,1017,1303,984,3388,5030,2043,4462,3396,44947,4115,677,453,1781,2223,1127,962,773,644,1293,2222,1279,1431,3616,2481,1667,5092,13111,85640,669,1024,8500,781,6950,2133,1564,7804,5769,3882,4906,2262,6726,1757,9828,21087,127937,15243,13513,4633,5458,14574,2355,5191,1934,1999,11232,1039,2095,2388,1358,8124,3245,33558,57657,3825,765,1552,7564,6495,4796,407,7741,5938,4049,2244,3589,1436,7253,42442,5586,6320,10964,1936,3520,9229,3785,1101,159405,5867,6447,2225,14243,21324,4565,11489,6660,4592,49538,6705,16053,9697
1,R01100,北海道,札幌市,2.91,939747,82676,31228,9075,18168,3162,2082,1266,4152,5189,1609,726,664,1936,3420,84409,4899,183,282,936,1672,7431,760,1086,522,1266,2087,1415,3402,1968,8735,3878,685,544,840,2408,807,3096,2409,848,235,10060,1538,1442,3788,1258,649,5102,592,2964,4622,88924,12447,32940,16186,1781,4944,4449,8166,3460,4553,43623,13070,1140,11120,1659,7476,526,8632,109625,3100,2643,1640,3324,2494,2268,1085,8980,1366,2724,360,1930,2435,1038,3781,650,919,3655,1540,1913,3294,2323,8235,2686,1942,1636,974,2631,3737,480,556,2731,1238,843,2555,4645,2222,4718,691,1976,1834,800,299,5184,978,315,2257,40236,4931,4650,646,2634,789,2436,1456,822,1433,2902,2462,5343,2084,4087,3561,42187,3839,480,466,1574,1976,974,828,717,665,1293,1791,1008,1530,2950,2510,1461,5362,12762,87897,609,621,10137,726,7980,1954,1289,8678,4539,4001,6817,2426,8105,2220,9755,18038,98189,11057,10595,4412,4818,9993,1391,3680,1083,1173,10064,795,1847,2629,996,6324,1759,25572,55654,3170,852,1327,6686,7773,4387,339,7636,7710,2659,1972,3154,1429,6561,56700,6446,5632,15922,3665,5301,13667,4493,1573,149627,5947,7033,1836,17952,23564,4305,16732,7230,3742,19689,5354,22474,13769
2,R02201,青森県,青森市,2.93,897288,73381,23652,8492,16749,2964,2224,1114,5271,6088,2039,554,593,1387,2253,91038,5207,668,771,1229,1809,6706,699,1191,605,1955,3027,1136,2843,1679,8906,2868,460,918,372,3812,896,3284,3505,860,459,12082,1535,1722,2806,1188,546,6731,527,3757,4279,85124,14650,31114,14176,1337,3069,4487,8926,3219,4146,41247,13239,739,12230,1142,5625,476,7798,110936,3278,2525,1192,2902,2572,2565,1407,7751,857,1975,261,1749,2330,1263,3645,670,672,4368,2154,1278,3238,2661,8466,2039,2206,1715,1060,3161,3039,274,294,2547,1963,1298,3053,4850,2439,5537,950,2518,1961,1217,458,4814,1186,268,2312,39627,9494,3546,668,2096,768,1714,1124,702,1148,1798,2597,5192,1979,3682,3120,42268,3894,723,480,1584,1958,1045,1022,754,587,1205,1889,1146,1518,3275,1870,1359,5460,12499,79745,598,435,7730,489,6786,2058,1542,8174,5246,3228,5636,1916,5471,1901,9142,19391,115090,15279,13034,3462,5205,11655,1859,4613,1854,2098,11253,719,1669,4000,1547,7169,1100,28575,59434,2205,388,1339,7728,7013,5704,354,9807,8044,3403,2043,2038,1483,7885,54721,6503,8182,13190,3829,3702,13399,4714,1204,104675,4618,9420,819,13418,14808,3265,8383,6743,3498,13999,2848,11835,11021
3,R03201,岩手県,盛岡市,3.11,950535,80606,25033,8472,20153,3349,2475,1305,5991,5985,1889,898,644,1431,2980,78745,6270,466,404,2184,1182,5659,651,1622,314,1986,1778,1030,2094,712,6433,3513,641,479,765,1846,509,4151,2128,928,464,9799,1461,1674,2922,1132,637,4113,702,3588,4506,78211,11041,29562,14242,1478,2918,4913,8229,2946,2883,52656,16997,750,17361,1102,7265,724,8458,119016,3348,3222,1244,2925,2128,3157,1253,8341,1111,2087,826,2102,2635,1294,3426,757,583,3661,1925,1737,3509,2139,7136,2328,2124,2134,1366,3534,3693,337,402,3003,2609,1321,3291,6939,3158,6497,866,2314,1634,1319,494,5221,1155,311,2417,43401,8976,4246,607,2716,1319,2513,915,671,1258,1031,3506,5425,2427,4564,3227,48429,4444,709,476,1741,2721,1041,928,630,701,1235,2009,1297,1495,4667,2387,1734,5981,14233,88573,783,585,7525,447,7078,3223,1548,7048,6493,3855,4717,2205,6715,1759,10620,23972,119747,14375,12132,4463,4345,12171,1813,4773,1612,2332,11116,745,1921,2464,1479,8279,3471,32256,59845,3333,626,1603,7278,7334,4425,478,9722,6717,3300,2352,2982,1844,7852,51482,7262,6529,13733,1569,4039,11867,5088,1396,129824,5653,8977,1972,12220,8996,1841,6375,5819,3297,42189,4609,17910,9967
4,R04100,宮城県,仙台市,3.03,968029,73349,20338,8630,19618,3068,2407,1339,5017,5295,1709,842,635,1542,2909,89873,6574,643,384,3208,1261,5468,593,1213,401,1969,1650,1474,2663,727,8102,4796,766,631,1408,1463,475,3460,1900,1343,449,8359,1780,1112,9964,1511,648,4575,1106,4073,3723,86429,15593,32862,14406,1503,3053,4521,7678,3155,3659,50265,16427,292,14437,1264,7570,638,9637,125021,3116,2744,1389,3046,2176,2655,1269,9413,1097,2475,1043,2092,2694,1289,3207,1066,1147,4228,2606,2037,3874,2525,7680,2582,1980,2127,1334,3806,5704,508,529,2737,2656,1045,3404,5975,3152,5868,929,2208,1601,1197,788,6238,1123,335,2323,44687,5440,4754,712,3013,1937,2436,1327,940,1427,1029,3594,4860,2209,6745,4266,44471,3938,543,439,1748,2382,1053,940,678,623,1066,2075,1271,1423,4001,2455,1560,4958,13319,91333,752,874,10540,760,7413,2211,1571,8590,6042,4308,4919,2372,6762,1985,9707,22524,123489,14196,12312,5341,5489,12261,2000,5733,2176,2402,11912,1041,2030,2332,1533,5344,3817,33570,58714,4724,1086,1717,7219,7158,4088,420,8069,6394,4300,1973,2992,1423,7150,45245,8603,5333,11077,2967,5389,8058,2617,1201,135154,6541,9550,2547,13511,15886,3326,8193,6682,3971,39404,5194,11468,8883
5,R05201,秋田県,秋田市,2.78,910130,67703,19704,6918,17236,3231,3409,1019,5172,5013,1680,554,477,1297,1994,84524,5050,851,660,1586,2285,5151,722,1131,722,2161,2446,918,3022,1300,8769,4855,550,822,431,1442,605,4433,3317,887,448,8685,1430,1415,3102,1115,671,5118,1659,3484,3280,82274,14514,31394,14650,1336,2725,4471,7618,2857,2710,43579,12841,245,13731,971,6102,487,9202,121980,3427,3156,1240,3142,2441,2671,1270,10406,1096,2085,597,1975,2299,1273,3306,632,655,4287,4222,1633,3691,2895,8136,2328,2333,1617,1180,4339,3861,429,347,2747,2163,1049,3744,5407,2496,5641,553,1828,1527,1817,329,6144,805,574,2191,44522,8663,4639,711,2668,1877,2479,857,968,1607,1862,3414,5055,2016,4765,2942,43840,4082,518,446,1886,2964,1217,910,635,549,1220,1642,1162,1447,3359,2255,1604,5675,12269,83968,459,840,8296,436,6545,2301,1491,7477,4570,3094,3779,1882,5702,1228,9130,26737,109129,11669,11527,3569,5194,10035,1366,4442,1473,1907,9192,689,1527,2421,1136,6916,4248,31816,51428,3595,645,1354,6204,6810,3614,321,7971,5617,3542,1643,2433,1287,6392,57364,10815,7629,13900,2784,4779,11840,4689,928,119820,5456,9312,1535,13367,13629,2396,6164,6507,2973,28542,3561,14504,11875
6,R06201,山形県,山形市,3.14,983054,79164,26068,7478,18158,4478,3084,1288,5236,5875,1745,754,604,1920,2473,76106,5565,445,292,2389,1169,4433,449,1000,472,1991,1987,1218,2641,911,4944,3382,630,291,864,1196,327,4398,2894,1009,419,9122,2020,1671,3443,1794,817,3627,933,3825,3536,95707,24762,31607,14275,1497,3810,4172,8342,3309,3936,48068,14711,1091,14927,1087,6406,534,9311,118732,2835,2586,971,3343,2193,2594,1270,9836,804,1967,2037,1665,2216,1359,2835,878,1404,3490,2135,1499,3855,2549,6153,2107,1852,1951,1512,4334,3486,501,483,2543,1847,1254,3573,5578,3242,6072,617,3539,1338,1163,773,6782,1399,312,2001,48115,6453,4347,672,2339,2790,3861,976,1105,1610,1034,3533,4890,1443,9658,3404,45693,4750,458,539,2990,2565,1306,976,703,634,1292,2011,918,1483,3187,2055,1845,5318,12662,92218,821,924,12072,496,7695,2283,1819,8967,7504,4822,4973,2189,7130,1834,10779,17909,123825,14073,12147,4350,4827,13193,1699,5991,1979,2137,13564,772,1582,3129,1620,8552,3374,30837,56930,3275,702,1149,8001,6496,4277,358,8302,7571,3397,2140,2164,1914,7182,46220,5889,5740,11080,3474,3850,10386,4669,1132,152277,7932,14473,2449,17761,19908,5141,15864,7441,4066,20702,4863,19682,11997
7,R07201,福島県,福島市,2.96,937721,73338,23738,7482,17751,2963,2705,1064,4397,5862,1687,919,579,1655,2539,75749,6361,442,334,2835,949,4471,488,902,371,1678,1519,951,2149,1024,4398,4289,788,498,565,1124,272,4027,2487,1555,429,7711,2504,1380,3698,1902,738,4598,1185,3882,3247,75756,10752,32471,12074,991,2109,5557,6631,2751,2419,48274,13745,391,15439,808,5831,509,11552,110874,2970,2160,1162,2526,2033,2435,1114,8007,844,2113,824,1803,2521,1208,2795,688,748,3398,1936,1416,3978,2192,6567,1748,2187,2043,1403,3292,2980,658,245,2707,1979,1043,2942,5831,2983,6773,1154,2114,1654,1282,824,5538,1490,411,2154,48636,6903,4095,756,2802,2830,2589,890,6696,952,527,3477,5312,2059,5377,3370,43528,3813,442,571,1712,2579,1161,1158,637,528,1323,2172,998,1286,3746,2068,1604,5514,12217,91214,875,2381,10071,505,5820,2014,1860,6783,7580,3960,5270,2202,6489,1941,10855,22609,130249,17726,13663,5004,5911,12846,1707,6035,2298,2472,11628,695,1878,2426,1773,8538,6804,28846,60886,3607,526,1544,8501,6227,4660,322,7488,6864,5551,2611,3571,1499,7915,46851,9359,5549,11347,2906,2838,10535,3245,1074,132364,7340,9855,2697,14835,22053,2670,11883,4425,3909,22844,3650,15252,10952
8,R08201,茨城県,水戸市,2.88,924724,69248,19099,8878,18251,3353,2477,1248,4034,4562,1440,653,557,1957,2739,69757,5772,592,379,2634,752,5205,774,1012,504,2134,1357,1035,1847,593,4519,4749,428,1027,576,775,301,2983,2616,2089,662,6135,1716,1075,2970,1629,817,2721,1438,3224,2719,77791,13315,29822,14053,1559,1380,5615,7283,2395,2368,49493,14873,1277,15852,1283,6583,479,9146,103480,2547,1892,1016,2745,2239,2364,801,6168,931,2018,514,1805,2335,895,3027,1035,393,3505,1436,1675,3508,1845,6972,2295,1780,2166,1214,2507,3871,533,241,3041,1827,720,2982,4938,2777,6353,1037,1706,1369,966,552,4927,1403,595,2013,41936,5369,4567,764,2627,2036,2343,860,719,1407,4033,3380,4589,2004,3535,3704,41870,4155,521,448,1694,2235,1060,1075,622,595,1256,2150,1081,1269,3552,2111,1552,4505,11989,92557,1025,1169,9592,989,7504,2191,1740,7809,8054,5054,5136,2121,6963,1899,9942,21369,127164,17948,11669,5512,6840,14323,1975,6217,1861,2368,10998,1017,1896,2708,1660,8399,4557,27215,65712,3802,789,1385,10600,7454,5045,386,8158,6418,4967,2374,5117,1891,7327,32928,6033,3598,9542,1767,3119,5413,2752,703,152788,7361,8219,3178,13067,25020,4915,20723,6079,4653,24749,6585,14846,13393
9,R09201,栃木県,宇都宮市,2.91,964692,76447,21578,10035,19362,3908,2218,1391,4534,4945,1860,742,715,1944,3214,72040,8159,678,362,1652,515,4973,807,1017,444,1820,1551,1300,2175,1304,4467,4129,836,513,679,1037,245,2182,2463,2120,620,6652,2115,1386,2635,1585,848,3520,1008,3460,2784,83666,17362,31084,14388,1758,2056,5142,6915,2852,2110,48497,14366,768,15342,1182,7149,568,9121,113922,3086,1925,1164,2914,2715,2686,1136,6852,1031,2302,813,2280,2768,1176,3309,816,605,4016,1678,1550,3672,2160,9030,2263,2087,1994,1125,2954,4608,417,213,3242,1835,829,2845,5438,2861,5654,1456,1797,1457,910,559,5730,1260,391,2315,40758,4390,5037,751,3325,2406,2452,880,714,1222,881,4357,4971,1870,4248,3256,46445,4579,660,500,1834,1944,1019,975,784,648,1224,2565,1265,1358,3719,2371,1628,5467,13904,87975,969,903,8265,775,7540,2629,2115,7750,7919,5005,4977,2179,6712,1695,10240,18302,132698,17046,12765,5389,7038,14621,2547,6707,2045,2375,13022,916,3764,2619,1550,9177,1373,29744,62921,4073,752,1244,10331,6450,4957,459,7976,6516,4112,2595,3752,2038,7665,42915,6985,6400,9665,2469,4108,7716,4458,1113,156406,7142,9645,3128,15469,23501,4682,18961,4983,5373,31242,6250,14462,11571
10,R10201,群馬県,前橋市,2.84,934278,80830,26212,8157,22282,4563,1948,1203,4153,5049,1544,546,709,1460,3007,71223,7305,755,419,1063,626,6160,800,802,373,1697,1597,1142,1995,868,5155,4548,881,273,581,1128,257,1997,2661,1907,711,5974,1871,1585,2488,1250,879,4089,992,3354,3038,72091,11420,28653,11655,1467,1824,5245,6941,2399,2488,45688,13320,495,15026,1081,6633,628,8506,108225,2781,1640,974,2402,2602,2026,891,6022,1044,2175,714,1583,2307,953,2946,646,490,3617,1932,1641,4098,1648,9444,2035,2307,1750,1138,2991,4798,568,301,3040,1913,878,2826,5171,2863,5811,787,1626,1411,1005,563,6154,1305,449,1962,43550,6200,4610,809,2805,2381,2980,616,1042,1355,1008,4186,4978,2170,4596,3814,43634,4191,542,496,1623,2072,1121,984,712,594,1209,2714,1286,1343,3332,2274,1556,4890,12695,86712,612,1645,7649,630,7379,2037,1568,7244,6733,3090,4123,2673,6415,1376,9776,23761,132467,20841,15868,4378,6011,14689,1736,5488,1666,2317,11835,1215,2284,2566,1466,7348,1468,31290,65828,4270,634,1643,9955,6592,5179,418,8035,5517,7699,2132,3614,1815,8324,37111,6590,6310,9640,2007,3132,5778,2898,754,146918,7226,6807,3283,10491,18251,4154,11359,5949,5112,49166,5245,10329,9549
11,R11100,埼玉県,さいたま市,3.02,1055306,83194,24077,9800,23709,4016,2256,1487,4512,4584,1568,949,743,1783,3709,72735,6873,907,465,1035,497,5430,897,863,548,2427,1468,1176,2068,1022,5605,4863,794,433,844,763,323,2265,2214,1769,1031,7205,1942,1349,2555,1791,817,3539,1110,3069,2777,91900,19028,34761,16135,2720,1583,4988,7293,2856,2534,50775,16081,798,14500,1500,7990,577,9329,120443,3128,2276,1303,3499,2992,2723,960,7841,985,2714,986,1966,2832,1054,3729,1018,1082,3892,2478,1913,4201,2438,9896,2918,2004,1715,1120,2623,5272,492,385,3114,1680,830,3123,5442,2947,5119,835,1775,2210,982,533,5820,1062,362,2176,41604,5014,4253,733,2842,1504,3076,817,1041,1430,1023,3932,4849,2684,4410,3996,45561,4242,640,402,1498,2178,928,947,672,697,1239,2602,1596,1418,3949,2160,1603,4503,14289,98093,1046,848,8973,1118,8928,2504,2109,8926,7468,4108,4847,2298,6947,1788,10976,25209,145870,18319,14048,5005,6991,17205,2205,6792,1777,2350,10757,1250,2284,2929,1444,9056,5900,37557,63895,4437,1310,1432,8987,6883,5026,390,8597,6766,3790,2099,4069,1566,8543,42719,6419,5312,10482,1922,5629,7221,4523,1212,198517,8061,7146,2848,12449,24558,4922,17397,7259,5820,70345,8677,19835,9201
12,R12100,千葉県,千葉市,3.01,1032661,81387,22785,10799,23263,3389,2277,1441,4582,4513,1840,835,507,1843,3312,78575,7215,1046,564,1370,700,5898,888,793,707,2833,1604,1406,2861,1218,6465,4585,972,472,837,1376,570,1925,2435,1761,944,7016,1980,1320,2811,1641,1021,3519,1382,3277,3167,89772,19157,31716,16148,2417,2295,5129,7304,2716,2888,52170,16853,824,16113,1486,7293,480,9119,122884,2978,2752,1332,3786,2991,3001,988,8190,1134,2674,798,1937,2691,1042,3647,1141,844,3992,2765,1816,3742,2442,10354,2821,2078,1772,1102,2706,4960,345,498,3614,2054,809,3214,5086,2887,5186,989,1819,1927,1022,645,6393,1099,390,2428,41814,4446,4220,779,2777,2522,2752,1222,819,1296,796,4146,4903,2467,4594,4074,46641,4474,655,422,1624,2549,820,905,764,672,1155,2533,1536,1332,4128,2851,1654,4844,13724,89290,823,599,8108,776,7515,2354,1462,8386,6775,3732,4581,2231,6616,1746,10714,22870,140079,17024,13306,5623,6471,17116,2542,6399,1822,2432,11936,1326,2267,3418,1456,10375,2431,34136,64713,4257,965,1715,10263,6435,4574,403,7509,7367,4342,2309,4553,1597,8425,43521,5598,5920,11023,3445,5027,7394,4094,1019,181815,5060,7190,3146,15363,21078,5587,12591,7085,5355,61778,6488,18976,12119
13,R13100,東京都,東京都区部,2.95,1136325,83171,22668,11473,24681,3088,2385,1595,4592,3953,1734,974,590,1958,3481,79988,8373,1174,445,1522,673,5195,734,824,984,2946,1682,1566,2855,1126,7070,5184,868,503,941,1215,459,2141,2250,2058,929,6760,1962,1251,2873,1630,890,3658,1031,3081,3133,101007,25998,33793,17136,2974,2360,5982,7002,3020,2741,52799,16481,880,15139,1712,8303,811,9474,129151,3124,2479,1346,4072,3256,3019,1058,9493,1037,2811,910,2141,2683,984,3817,1147,997,4159,3354,2016,4357,2786,10900,2914,2081,1778,1156,3056,6275,450,402,3618,1784,798,3213,5439,3006,4595,917,1804,1875,1014,657,6412,1059,388,2509,45615,4361,4700,802,2994,1640,3464,1153,1257,1598,994,4478,4682,2397,6436,4659,47289,4371,605,439,1540,2247,903,1022,707,682,1170,2544,1675,1387,4169,2773,1352,4818,14886,95247,925,752,9324,911,8443,2353,1780,9335,6827,4873,4329,2171,7540,1426,10665,23594,154119,20628,14367,5874,8297,17389,3037,7167,2007,2375,11673,1642,2471,3134,1415,7456,3088,42100,63944,4539,1360,1620,7955,7320,4873,349,8217,6355,4548,2292,4905,1151,8459,46351,5359,4781,11810,2424,7509,8032,4540,1897,237644,6657,6890,3340,16575,25138,6855,16282,7222,5465,95222,11470,27206,9321
14,R14100,神奈川県,横浜市,2.84,1049903,83949,24387,11043,23430,3410,2684,1472,4484,4035,1741,1049,713,2026,3478,81371,8096,1279,638,1162,698,5644,874,820,849,3074,1650,1360,2890,1491,7065,5206,864,482,937,1209,457,2064,2170,2267,1148,6521,2066,1373,3179,1924,963,3614,1063,3424,2852,99917,23322,35079,17329,2791,1953,6463,7286,3115,2580,50953,15858,608,14558,1560,7883,733,9753,129043,3370,2585,1360,3891,3082,3120,1024,9141,1124,2947,1038,2038,2765,1114,3963,1220,891,4252,3158,2138,4519,2781,10702,2960,2108,1676,1132,2967,5490,469,488,3451,2042,1017,3390,5631,2980,4659,1004,1872,1740,1084,679,5951,1111,467,2450,45466,5431,4808,903,2674,2306,2940,1346,1144,1416,929,3983,5325,2796,5166,4299,47584,4813,744,452,1715,2196,965,990,730,811,1295,2502,1757,1312,4303,2690,1362,4503,14445,88069,642,596,8355,894,6941,1969,1730,8925,6489,4554,4129,2086,6815,1583,9535,22828,140749,17922,12922,4737,7021,17797,2368,6204,2098,2005,10073,2248,1856,2960,1257,9908,2245,37127,59776,4933,1244,1562,8219,7042,3976,430,7677,6034,3598,1901,4204,1338,7617,45252,6267,6352,11530,2698,5414,7951,3613,1426,177773,5560,5864,2786,14366,25178,7715,17552,4344,4852,56238,8828,19812,4678
15,R15100,新潟県,新潟市,3.16,959654,80518,23059,10007,21514,2697,3409,1308,4192,6095,2201,612,674,1952,2800,75003,3726,759,554,1113,1480,5650,644,912,506,3047,1939,1181,2305,1893,5160,4578,878,489,662,1196,477,4980,2699,942,386,7201,1728,1300,2864,1256,593,4081,604,4051,3169,80872,10542,34793,13807,1479,1755,4928,7522,2893,3151,51513,17399,639,15400,975,6926,537,9638,124542,3127,2407,1269,2966,2679,2995,1197,8124,1076,2743,1447,1819,2938,1157,3285,1738,1010,3658,5080,1659,3888,2410,9962,2537,2173,2171,1704,3617,4725,503,505,2930,1802,756,3506,4958,3651,5029,833,2040,1046,1097,494,5726,1464,290,2349,41183,4809,5131,670,2337,3567,2505,785,1277,1594,743,3479,5198,2304,3672,3110,46349,4180,717,570,1710,2653,1097,942,629,725,1477,2031,1104,1779,3638,2655,1919,5101,13420,81878,429,882,7248,448,6246,2232,1452,7686,6185,3924,5501,2203,6351,1992,9700,19397,129767,11858,13216,4708,5619,13594,1298,5841,2099,2293,13873,879,1882,2485,1236,10445,6452,31989,55464,2825,863,1767,7480,6594,4518,402,7219,5867,4525,2152,2515,1625,7113,53850,8836,6680,11894,2714,3970,13662,4714,1380,138714,6437,11991,3554,12686,16884,2897,7184,4446,3803,32092,5854,18143,12742
16,R16201,富山県,富山市,3.16,1024049,83545,24795,10537,22156,3294,2738,1184,4367,5576,1928,491,572,2954,2953,85325,4738,1674,460,733,953,5574,931,576,680,6430,2909,1045,3841,1709,7151,6316,657,526,582,1088,610,2987,2088,1203,506,6700,2088,1138,4830,1432,570,6443,779,2456,2924,88633,19238,31021,12956,3526,2052,5276,8526,2967,3068,48320,16075,423,14833,1126,6386,602,8876,117612,3247,2813,1499,3018,2456,3059,1173,7014,1115,2836,1247,1780,2585,1040,3072,1174,850,4011,1664,1845,3699,2330,8937,2273,2332,1816,1709,3365,3042,390,410,2820,1543,2062,3035,5081,4099,5236,904,1628,1384,1353,660,5410,1915,359,2323,46035,5394,5291,1128,2446,3885,3111,865,884,1257,1036,3346,5517,2814,4968,4092,43535,3870,680,492,1791,2188,885,878,667,552,1309,1922,1237,1535,3408,2166,2227,5152,12577,92247,795,1066,8963,899,8430,2384,1756,9032,7090,4237,5327,2090,7473,1830,10615,20259,146523,11528,15376,4475,5881,13725,1897,6115,2630,3145,15106,882,1887,2612,1114,11801,11221,37128,57924,2559,476,1979,7941,6683,6722,376,8375,5837,3844,1981,2062,1828,7262,50153,8386,5855,12251,1836,3020,12859,4883,1061,164197,5962,8113,1701,16296,25251,3909,12037,6967,4517,41541,5200,18143,14563
17,R17201,石川県,金沢市,3.22,1040076,85690,24478,11945,23456,3597,2233,1339,5159,4408,1880,607,629,2707,3251,76197,3130,1426,921,939,1479,4955,1144,815,815,5826,2479,1164,3223,2615,7543,4648,685,377,547,778,492,2320,2090,1242,369,5385,1766,1811,3213,1253,490,3984,983,2674,2616,98323,21975,33253,16392,4159,2543,5154,8877,2872,3098,47923,16490,424,12961,1185,7118,599,9148,113531,3183,2299,1498,3246,2667,2791,1026,7309,1395,2738,660,1786,2813,882,3356,1574,739,3417,1776,1846,3673,2294,8740,2363,2155,1770,1459,3157,2917,480,349,3269,1464,1301,3496,4883,4258,4276,910,1564,1122,1175,528,5153,1454,424,1900,38227,3850,4400,1052,2292,2387,3305,798,839,1506,797,2507,4670,2283,4128,3412,46492,3881,762,439,1723,2004,964,1041,682,659,1274,2339,1361,1719,3895,2544,2081,5286,13839,101703,558,1402,13098,1114,9066,2247,1697,10058,6431,4810,6679,2812,8348,2193,11597,19594,138068,12968,15789,4433,7278,14441,3379,5800,2168,2569,12509,858,1933,3020,1234,9255,7473,32961,59147,3426,657,1405,7082,7442,5592,647,8683,6222,4674,2271,2622,1517,6906,43145,6634,5981,10881,1818,2357,10074,4332,1069,191631,7390,9484,2109,21364,28568,4870,13937,9584,5456,44365,6695,19453,18355
18,R18201,福井県,福井市,3.05,966734,84726,29070,8829,22824,4124,2549,1200,4247,3838,1875,387,451,2740,2594,72931,2691,939,479,849,1383,4575,921,519,528,4262,2449,1260,2537,4324,5884,5946,704,311,519,734,317,1803,2039,1580,504,6350,1686,1575,3310,1929,757,2947,938,2149,3234,94815,26266,27292,15681,3361,2890,5925,7837,2386,3175,44207,14504,1019,12017,1100,5080,519,9968,114423,2798,2767,1373,2938,2503,2479,1061,6829,1199,2942,1760,1817,2596,803,3273,744,678,3406,1441,1380,4024,2511,9310,1975,2350,1827,1411,2316,3037,428,318,2656,1899,1439,2935,5003,5630,4634,761,1844,1159,1305,438,5847,2048,561,1970,39293,4961,5284,615,2298,1768,2801,832,606,1328,1283,2983,5203,2004,4411,2915,40727,3394,720,407,1490,2012,843,856,655,657,1297,2190,999,1378,3114,2154,2124,4934,11503,83520,1187,793,10725,852,5951,2052,1474,6445,7611,3669,4766,2173,6654,1914,9125,18127,147327,13968,14650,4629,5023,12459,1506,5664,3215,4201,16761,862,2131,3428,1542,8695,5542,43051,51719,2668,421,1359,6858,5898,5792,290,7584,5207,4325,1953,2177,1230,5958,35822,6453,4145,10985,1313,1886,6728,3211,1102,157224,8615,8593,2050,20345,28796,3949,9294,10910,3900,27935,6240,12890,13708
19,R19201,山梨県,甲府市,2.89,952544,75241,22714,8886,20687,3870,1947,1123,4529,4786,1580,660,516,1389,2553,74111,9240,841,245,869,429,4692,825,733,304,1480,2073,1249,2397,1001,3947,3676,940,555,615,1162,832,2842,1897,2403,1172,6514,1950,1733,2709,1645,863,4515,1241,2885,3639,82476,15894,32095,12519,1714,2679,5108,7485,2826,2157,44675,12952,900,14757,1081,5876,573,8536,102666,2859,2168,1236,2789,2765,2535,918,6399,886,2249,855,1851,2312,1024,2932,1126,603,3146,1865,1588,4181,1717,7681,1843,1861,2036,1093,2566,4299,474,242,2330,1698,668,2826,4296,2273,4222,883,1707,1149,1052,501,5320,1233,486,1924,40875,3648,4645,563,2398,746,7448,785,3085,821,432,3010,4409,1643,4205,3037,42075,3551,534,477,1452,1942,881,755,685,580,1121,2548,1166,1390,3822,2386,1589,4914,12281,84166,485,864,8319,594,6986,2359,1872,7722,4837,3706,5304,2229,6425,1775,9510,21178,142903,18529,14920,5629,5800,17004,2094,6857,2218,3134,13400,1207,2095,3413,1896,6737,2064,35906,56223,2860,661,1417,8911,5834,4956,277,6741,6567,3709,2464,3234,1411,7181,43605,5156,7076,9240,3341,4714,9295,3528,1256,163529,7123,9150,2522,18716,22295,4753,13040,7535,5915,38101,5520,17109,11749
20,R20201,長野県,長野市,2.91,932793,72550,21729,7900,18568,4075,2705,1267,4333,4346,1620,808,940,1493,2766,76337,5290,611,375,940,1058,5812,808,995,531,2060,1887,1023,2401,1353,5373,5424,914,380,619,1039,407,2993,2696,1781,735,7363,1783,2021,2880,1341,716,4476,991,4027,3237,74917,12059,29871,12419,1532,1953,4371,7341,2770,2602,46554,14855,527,13236,1117,6689,618,9513,108030,2851,1906,1030,1976,2044,2317,850,7888,923,1971,794,1819,2429,1063,2680,1215,1045,3574,1832,1641,3705,1866,7037,2121,1719,2285,1759,3205,4606,556,343,2319,2421,914,3710,5161,2515,5843,1017,1880,1217,970,463,4959,1395,359,1837,42129,9113,4089,483,2985,698,3398,430,2551,1106,509,2880,3892,1671,4528,3794,48231,4623,556,551,2014,3221,1426,1081,601,622,1315,2245,1173,1453,3875,2440,1569,5220,14249,81288,675,765,8141,555,6739,2065,1455,6602,5919,3141,4079,1909,6468,1307,9369,22099,127166,13588,13200,4627,8326,15876,1900,4793,1643,1743,11351,1055,2050,2453,985,8750,1622,33204,53419,3621,639,1395,7346,6387,5156,332,7648,5176,3578,1644,2243,1215,7037,43569,5741,6603,12837,2140,2552,8776,4003,916,158604,6484,7968,1609,14008,19229,3936,12186,7072,3138,46257,4969,22938,8811
21,R21201,岐阜県,岐阜市,3.05,969734,78232,23715,10325,20686,3154,2106,1239,3816,4566,1907,650,577,2140,3353,67944,5134,771,399,1043,604,4999,1059,748,847,3097,1652,1517,3134,1511,5034,3983,879,423,774,873,244,1476,1456,1838,592,5838,1632,1877,2560,1778,1026,2065,1190,3549,2343,88887,23808,28536,13919,2874,2070,5794,7305,2350,2232,46323,14521,480,13527,1249,5936,541,10069,101520,2683,2286,1125,3223,2389,2226,838,5961,965,2400,951,1627,2218,1066,2820,1016,542,3297,2069,1559,3069,1992,7400,2125,2012,1533,1347,2171,3349,501,513,2823,1332,613,3033,5276,2797,4186,1056,1688,1240,935,493,4691,1446,399,2240,38346,4923,3239,650,2291,1256,2662,2235,879,1070,710,3369,5456,2020,4354,3231,45868,4274,651,447,1943,2063,1049,1081,714,640,1328,2163,1316,1353,3995,2597,1877,5186,13190,90857,392,1193,12284,752,7773,2231,1784,8568,6388,4128,6578,2365,7618,2091,9939,16773,118935,13670,12840,4508,4681,13405,2480,4337,1920,1772,10810,824,1912,1523,1134,8519,6459,28141,55133,2487,613,1601,8410,6245,4709,377,7893,5038,4258,1945,3162,1503,6893,39260,5344,5562,11285,1604,2442,8475,3231,1318,198429,7508,6919,1938,19765,42948,7344,18478,10628,5870,36339,13564,13308,13820
22,R22100,静岡県,静岡市,2.98,1011480,86921,30250,9506,22154,3045,2414,1319,5106,4582,1682,935,597,1799,3531,82301,12135,1287,341,1705,405,4361,1043,632,472,1963,2043,1267,2910,1956,4791,4113,1114,456,791,997,495,2370,1603,3585,1471,6020,2180,1448,2884,2638,1301,3542,1412,4005,2565,91054,18113,33902,15262,2420,2869,5332,7528,3109,2519,46634,14102,654,13908,1521,6430,606,9412,117432,3701,2160,1465,4329,3282,2590,944,7210,979,2995,1036,1976,2587,895,3378,1586,757,3536,2497,1593,3483,2243,9373,2340,2254,2032,1344,2498,3696,480,425,2974,2026,916,3049,5955,3023,4431,911,2159,1173,1132,752,5386,1143,341,2397,38329,3533,5173,578,2668,1239,2608,764,884,1472,1085,4102,4672,1562,4521,3469,45089,3910,569,460,1692,2554,1045,940,752,629,1192,2223,1293,1390,4122,2792,1750,4941,12834,86659,1018,1084,9702,708,7358,2322,1496,9418,6061,4292,5554,2302,6186,1379,9528,18252,150843,21287,15465,5706,6288,16952,3058,7618,2056,2257,13635,1518,2281,3102,1651,8348,3675,35945,57785,9671,766,1108,7312,4917,3418,371,7070,4822,4062,2064,4628,1432,6146,38569,5998,5500,11588,1398,3444,6286,3422,932,169863,9734,6782,3207,18720,27593,7697,15094,6766,4963,35038,5469,18188,10612
23,R23100,愛知県,名古屋市,3.01,973091,81688,24821,11032,20678,3991,2198,1394,4239,4490,1882,731,637,2143,3452,68488,5672,720,372,991,501,4637,971,629,657,2782,1626,1513,2992,1779,6649,4617,827,212,915,990,328,1108,1736,1416,689,6248,1618,1912,2613,1986,796,1993,1089,2636,2267,91208,22223,30189,15662,3005,2092,5115,7902,2443,2576,48333,15255,942,14482,1264,6352,542,9497,108025,2955,2103,1515,3970,2561,2316,928,6474,1133,2514,1046,1729,2599,956,3206,1072,597,3214,2437,1633,3351,2327,8542,2373,1898,1708,1342,2473,3995,464,534,3183,1651,606,2987,5276,2538,4071,859,1720,1427,911,383,5021,1030,332,2065,39492,4404,4276,768,1704,1142,3023,1112,921,1779,818,3810,5392,2347,4378,3619,42836,3878,860,376,1485,1860,880,1001,759,635,1224,1930,1286,1312,3592,2457,1858,5076,12369,86994,621,1449,9125,750,7066,2101,1631,7996,5604,3946,5326,2255,7211,1639,10377,19896,121929,14446,14331,4351,5604,14467,2622,4757,1965,1749,9683,1012,1857,1827,1355,7930,2789,31183,54796,3603,703,1536,6962,7197,5291,362,7985,5219,3179,1789,2934,1096,6940,37208,4534,4831,9577,1238,3008,9605,3604,811,192095,7137,6601,2628,15305,32605,7069,17965,8807,5495,54560,10962,14006,8955
24,R24201,三重県,津市,2.95,953713,76327,20856,9563,22254,3720,2190,1251,4176,4222,1922,595,628,1689,3262,80478,6984,1178,702,1713,484,4403,1034,971,840,4269,1755,1503,3661,1953,7078,5541,998,230,910,896,420,2268,1522,1757,721,7469,1999,1803,2994,2298,1053,1860,1959,2608,2643,100685,32052,27874,16925,3479,2204,4503,8417,2501,2731,48122,17063,1151,13340,1136,5358,512,9563,102250,2523,1924,1289,3515,2262,2209,846,5877,1158,2239,730,1625,2387,1035,2939,943,479,3393,1542,1662,2738,2081,8511,2082,1932,1838,1265,2187,4140,469,441,3083,1650,713,2969,4838,3112,3787,961,1768,1351,1052,420,4684,1240,498,1864,39833,4360,5043,440,1503,3651,2852,1022,561,1357,871,3911,5363,2062,3703,3136,44569,3909,657,326,1957,2202,1095,1097,749,604,1301,1810,1103,1383,3348,2709,1841,5050,13428,90215,529,1057,10378,1082,6937,2103,1694,7801,7446,3442,4615,2623,6955,1706,9428,22419,118563,12794,13498,4159,4047,12969,2979,3942,2175,1580,9513,938,1775,1246,1200,6809,3460,35478,54860,3933,795,1471,8172,5896,4541,394,7773,4809,3760,2059,3023,1247,6987,35765,5538,5789,9797,1835,1876,7113,3059,758,162045,4961,5844,1580,14523,23014,3764,8514,7353,5022,60669,6153,11271,9377
25,R25201,滋賀県,大津市,3.0,1013443,83588,23426,10801,24832,3835,2004,1295,4121,4397,1976,659,800,1727,3713,81470,3229,1125,546,1517,1565,5185,1154,1009,1850,4130,1960,1489,3607,1698,10108,3928,628,259,999,883,271,2387,2479,2317,555,7877,2167,1899,2412,1022,942,2562,1958,2655,3099,116558,38742,32012,19839,4434,2937,5797,7642,2850,2304,48683,15364,606,13052,1530,6936,631,10564,119276,2985,2483,1695,3695,2772,2553,1023,7758,1240,2786,825,1945,2658,1016,3648,1170,847,4037,1936,1837,3340,2648,9016,2575,2225,2023,1256,2895,5057,490,362,3574,1235,1242,3390,5208,3684,4006,1136,1839,1302,903,560,6095,1668,476,2160,39948,5097,4392,643,2640,1551,2742,980,920,1291,931,3499,5281,2146,4568,3267,47228,4146,775,482,1872,2017,1118,1056,905,627,1316,2349,1246,1326,3458,2728,1794,5441,14572,95289,677,907,11086,800,7722,1963,1527,9461,5900,4153,5058,2371,7887,2053,9799,23924,128559,11853,13984,4203,5095,14045,3820,4827,2654,1730,10336,738,2501,1579,1149,8031,4643,37371,52971,3630,946,1485,5795,7721,4737,391,7978,5228,3115,2005,1931,1213,6796,41818,5587,4266,12811,1543,3529,9416,3540,1125,158055,5720,4623,1856,14299,19060,5303,10229,5334,4477,57386,6803,13496,9468
26,R26100,京都府,京都市,2.9,982902,83008,23536,11200,25116,3816,2160,1345,4136,3216,1959,596,674,1957,3300,79665,3901,1038,483,1368,1564,5279,1162,794,1855,3813,2141,1510,3550,2152,8631,4425,736,395,707,1080,378,1662,1973,2254,605,8160,2358,1835,2485,1121,960,2641,1461,2307,2880,111156,38374,30002,19168,3460,2195,5842,7093,2640,2383,50634,18254,459,13274,1379,6377,731,10160,124324,3247,2653,1831,4119,2722,2726,1106,7787,1451,2831,1009,2078,2587,1088,3968,1093,1205,3914,2534,1657,3541,2950,9453,3024,2238,1991,1123,2513,4677,518,401,2968,1543,1400,3565,5532,4424,3437,1426,1879,1668,1023,413,7271,1471,458,1811,39428,4843,4550,643,3038,1148,2393,1194,852,1382,733,3017,5970,2404,3859,3402,44824,4104,719,431,1626,2135,1138,1087,975,628,1237,2067,1453,1298,3451,2690,1597,5186,13003,84234,782,727,9979,950,6685,1968,1480,8339,5639,3316,3901,2049,6182,1323,8753,22161,121211,10853,14161,3540,4815,13361,3874,4816,2668,1863,10081,828,2969,1491,1518,6619,2600,35154,49882,3512,993,1437,4043,8583,3773,298,8318,4593,3150,1385,2673,1089,6035,40282,6119,6042,10934,2051,3228,8055,2652,1204,154253,4448,4079,1576,11924,17363,5025,8879,5687,3614,66293,7017,11945,6404
27,R27100,大阪府,大阪市,2.96,987592,85629,25707,11156,24908,3999,1599,1013,3567,5564,2246,540,519,1746,3065,76880,4197,932,427,1444,1247,4377,852,677,1685,3368,2248,1899,4002,2248,7574,3555,676,310,863,1216,381,2432,1906,1808,365,7416,3083,1983,2662,1073,827,2459,1226,2628,2833,105380,34788,29238,17345,3789,3456,5346,6982,2232,2204,46523,15226,1024,12471,1158,5400,676,10568,112100,2960,2345,1900,3939,2449,2355,1086,7358,1341,2699,775,1926,2330,1018,3643,1291,833,3400,2316,1523,2990,2335,8263,2569,1973,1729,1232,2308,5018,462,373,2572,1283,1205,2712,5209,3443,2738,1117,2123,1459,1162,611,5560,1823,442,1902,36198,4014,3416,674,2571,1093,2697,978,1007,1235,701,3455,4975,1780,4353,3249,43297,3531,776,377,1589,1802,896,822,878,586,1242,2000,1294,1346,3537,2538,1562,5517,13004,82680,422,693,8496,869,6256,1732,1423,9350,5503,3301,4901,2200,6623,1744,8950,20216,137114,14864,15981,4581,5312,17003,3419,5726,2300,1774,11466,1000,2330,1904,1314,8415,2210,37516,55852,2697,709,1700,6729,6303,4573,438,7887,6287,3734,3120,3226,1224,7223,44507,4932,5923,10484,1340,2726,13920,4102,1081,161433,4762,4193,1622,14407,27198,5947,11135,6593,5073,51621,7277,15388,6218
28,R28100,兵庫県,神戸市,2.86,959080,84068,22068,12123,26312,3437,1988,1129,3914,4630,1984,795,602,1809,3276,68357,2881,1904,375,1186,992,4535,912,665,1602,3286,1573,1423,3350,1661,8256,3689,466,153,1067,802,190,1409,1701,1259,280,6046,2649,1799,2502,889,807,1883,1381,2277,2507,99622,28015,30077,18441,3209,2951,5598,6868,2213,2249,49404,17054,556,13270,1535,6351,688,9950,106657,3180,2145,1719,3771,2407,2421,1043,6949,1242,2401,654,1789,2378,839,3543,1082,815,3455,2016,1481,2796,2084,8732,2507,2018,1832,1151,2124,5094,347,398,2561,1225,820,2663,5155,3205,3196,1134,1783,1416,971,449,4457,1098,413,1698,39197,4658,3992,711,2337,1193,2793,1180,811,1403,583,3391,5603,2657,4451,3434,43459,3561,915,377,1567,1624,1037,810,956,542,1118,2034,1483,1200,4067,2406,1468,4724,13567,83156,527,778,8640,862,6376,1903,1551,9449,4406,4205,4167,2138,7313,1510,8922,20408,133446,13997,15263,4849,5615,14808,2471,5284,2271,1738,9977,861,2210,1784,1107,5762,4722,40727,51072,2556,1230,1722,5627,7102,4952,377,7011,4600,3679,2593,2635,1236,5752,42698,5445,4750,11387,2037,3510,9720,5081,768,157944,5045,4539,2167,11249,18869,5766,8380,5998,4843,63329,9001,12503,6254
29,R29201,奈良県,奈良市,2.86,1010888,81965,23121,11825,23003,3543,2727,1229,3973,4067,2003,617,859,1645,3353,80770,3924,856,522,1525,1639,5079,1128,879,1434,3780,2307,1616,4007,2352,7305,4495,683,261,998,952,245,2460,1880,2282,526,8303,2949,1893,2754,1106,1022,2583,1402,2591,3032,110811,38011,31398,17946,3518,2567,5355,7648,2660,1708,52575,16617,576,15063,1593,6670,761,11295,119002,3023,2460,1761,3678,2542,2672,972,7805,1240,2757,868,1930,2563,1085,3578,1304,1004,3860,2254,1611,3282,2465,8278,2613,2553,1901,1356,2701,3845,637,405,2937,1520,1142,3368,5521,4140,3697,1367,2179,1669,1153,565,6423,1666,498,2154,40990,4702,4630,731,2249,1415,2925,1592,1264,1278,723,3551,5618,2354,3994,3966,47622,4416,780,439,2095,2228,1209,856,878,616,1298,2136,1571,1489,3358,3087,1598,5426,14141,91132,651,1061,10692,756,6544,1951,1507,8610,7125,5007,5174,2421,7760,1606,9612,20656,127512,11169,16047,3582,5357,15427,3080,4066,2276,1507,9330,993,2003,1664,1300,10398,4990,34322,55294,3662,1003,2093,5620,7410,4231,516,8672,5191,3958,1947,3456,1270,6263,41253,5487,5619,10013,2061,4550,9172,3288,1062,161962,5756,5816,2340,16470,26103,5214,11087,8207,4859,44601,8049,15339,8123
30,R30201,和歌山県,和歌山市,2.8,843467,77669,23858,11468,21016,3024,2363,940,3603,3972,1921,502,644,1367,2990,71771,4173,1140,527,1768,815,4141,1536,771,1479,3864,2003,1363,3813,1764,7505,3415,552,281,1012,587,303,1830,1303,2965,528,7129,2729,1490,2649,976,1002,1356,1013,1951,2037,102442,34720,30150,17083,2976,2936,3928,6652,2159,1838,45042,16145,516,11982,1055,4548,527,10270,91762,2587,2011,1628,3075,2359,2098,879,5330,1206,2411,650,1576,1964,812,2937,841,529,3134,1818,1244,2575,1764,6453,1797,1814,1663,1121,1886,2577,470,265,2822,1054,803,2489,4205,2283,2456,1108,1590,2644,774,291,4320,1288,398,1766,35760,4364,5150,436,1981,1117,2238,1059,2662,1366,719,2855,5196,1595,2621,2402,40202,3626,779,414,1493,1541,1175,840,755,627,1311,1784,1094,1318,2888,2175,1302,5323,11757,68905,423,1052,6514,616,5504,1744,1432,6294,3718,2540,3212,2272,5253,1379,8133,18820,105492,13261,13062,3592,3509,12971,3024,4157,2029,1605,8837,726,1971,2127,1291,5481,2484,25364,50289,2312,612,1524,5634,6327,4791,363,7361,4494,4442,1854,3266,1156,6153,34705,5290,4805,10431,1431,1592,7364,2925,867,119428,3818,3118,1567,10959,19376,3751,7446,5192,3941,42961,5431,5770,6099
31,R31201,鳥取県,鳥取市,3.24,934631,80231,21399,12177,21734,3455,1684,1251,3700,5687,3007,436,780,1418,3504,75202,1650,1224,1072,1128,3004,4246,1126,814,681,3882,2496,1071,3139,5128,6315,2220,723,748,1090,684,500,1947,1484,1139,366,8814,2187,3558,2569,2268,702,1872,733,2533,2091,98181,24355,30721,19229,4645,2137,4357,8497,2679,1562,50485,19346,1060,11823,879,5402,537,11439,100830,3398,2389,1506,2957,2754,2560,1523,6204,886,2443,653,1633,2655,992,3159,480,326,3341,1295,1096,3027,1721,7087,2073,2127,1918,1566,2084,2996,398,246,2477,1435,616,2731,6006,3088,3598,1064,1800,1498,1057,1564,2712,1155,427,2113,42912,4645,3958,845,1601,8133,2599,1451,475,1847,1219,2923,5907,1922,2566,2820,48171,3906,899,442,2008,2258,1385,803,951,733,1536,2253,1210,1855,3724,2926,2079,5622,13582,89138,514,2527,8804,707,8078,2156,1822,7633,5619,5042,7567,2302,7320,2757,10514,15778,117836,13161,12028,4486,5523,13081,2322,3883,2060,1513,11134,596,1878,1958,1132,12868,1353,28860,54674,1969,454,1790,5246,7530,5631,489,7258,6366,3900,2559,3480,1528,6474,39145,4399,4530,9665,2013,1587,12081,4099,772,137826,5279,5258,1221,13615,22269,4093,10523,5625,4511,28671,6089,12446,18225
32,R32201,島根県,松江市,2.95,911356,73729,20049,11089,18942,3456,2314,1316,4166,4233,2086,421,517,1913,3225,65658,1291,2150,737,961,1478,4084,1242,611,902,3740,2070,742,2174,1898,6754,2824,543,1827,520,475,893,1416,1022,1121,620,7316,1948,1330,3722,1138,752,1677,657,2786,2239,85692,19709,28021,16085,3346,2447,4410,7036,2433,2204,45830,16504,959,12418,1084,5603,470,8793,105141,3139,2443,1440,3407,2590,2424,1153,5899,1302,2390,777,1578,2599,1145,3118,556,546,2960,1586,1528,3271,1865,7745,2477,2274,1929,1269,2147,3574,620,267,2676,1624,995,3086,5689,2949,3808,1122,1711,1556,1129,460,4707,1173,487,1952,42237,4893,3785,737,2595,4188,3203,1238,496,1373,1019,3839,5263,2075,3928,3604,46462,3982,726,500,2485,2076,1174,1122,728,695,1306,2563,1435,1510,3849,2435,1839,5230,12810,81215,603,1104,9612,584,6550,1800,1594,6944,4629,4129,5254,2038,6246,1540,8308,20281,117234,13778,11945,4467,4737,12825,2575,3904,2215,1555,9748,632,2238,1821,1082,8388,2632,32691,51489,3718,799,1870,4761,7197,3447,572,6699,5046,3405,2568,3794,1306,6307,42368,7322,7261,10613,2326,3227,7502,3009,1107,154299,7869,6537,1837,11971,18033,3484,5700,7777,4398,46972,5306,22900,11514
33,R33100,岡山県,岡山市,3.1,907674,80246,19287,10402,26548,3384,2219,1425,3958,4655,2036,522,596,2027,3188,64521,1785,1056,416,1376,1114,4722,1215,870,972,3548,1838,1205,3335,1261,8410,3491,605,264,1190,627,302,1855,1512,1008,222,5876,2008,1865,2471,1029,783,1373,499,1923,2493,90237,21632,29575,16974,3776,3091,3623,7330,2566,1669,45746,16821,1071,11695,1243,6021,601,8294,91250,3069,1760,1460,3174,2226,2216,1033,5725,1115,2313,427,1439,2307,1057,2910,986,385,2521,1266,1113,2464,1432,6725,1887,1804,1844,1291,1800,3598,357,158,2403,1346,651,2574,4842,2744,3580,876,1457,1183,706,503,3783,801,242,1696,36020,3768,3530,610,1988,966,4225,784,2874,1164,533,3192,4860,1625,3102,2795,41665,3792,703,349,1709,1727,856,822,972,647,1134,1963,1292,1324,3220,2259,1651,4955,12290,83166,552,1529,7652,533,6914,2205,1525,7921,4100,3469,4734,1940,6188,1683,9458,22765,124104,16609,11708,5256,5461,15560,1513,4705,1890,1620,10028,654,1897,2218,1191,8682,3674,31436,56438,1793,790,1614,6885,6680,5399,339,8743,5721,3869,2985,2834,1411,7376,32159,5339,4450,7218,1011,1845,7163,4365,768,162123,6938,6258,2713,11886,17126,3232,7225,7688,5508,63163,7059,12390,10938
34,R34100,広島県,広島市,2.99,973315,77928,20875,11297,22932,3285,1851,1404,4036,4047,2077,585,670,1456,3412,73608,2060,1567,618,1273,1041,5352,1014,704,1399,3978,1785,1537,3088,1331,9009,4223,696,200,2642,838,429,1511,1876,848,268,7149,2411,1677,2865,1178,655,1869,589,2404,3524,106415,30795,32296,17836,3534,3668,4854,7933,2680,2820,51304,17576,826,14617,1300,6217,628,10140,104256,3018,2146,1562,3475,2379,2399,985,6674,1035,2867,676,1656,2514,1273,3277,1443,452,3405,1649,1504,3449,1783,7109,2225,1959,2243,1394,2400,4113,450,250,2918,1240,915,2986,5169,2485,3734,1025,1860,1169,1014,540,4234,998,322,1885,41567,4917,4055,802,2624,1197,3585,1217,793,1393,1093,3722,6102,1957,4575,3535,47233,4486,794,437,2153,2129,1087,919,1160,612,1227,2254,1450,1314,3845,2370,1701,5390,13904,83954,355,1044,8819,612,7205,2291,1222,8011,4373,3603,5173,2255,7628,1921,9635,19805,138657,16580,14247,5375,5366,18694,2405,5498,1951,1740,11135,640,1908,2508,1086,7817,3697,38009,55293,2124,709,1846,6074,7676,4164,337,8448,5512,4046,2506,3076,1660,7114,45845,5443,7706,11628,2729,2455,10887,3677,1321,147255,5854,5448,2394,10369,19794,3178,6915,7284,4845,54751,5621,12894,7904
35,R35203,山口県,山口市,3.09,905967,72138,18837,9374,20559,3426,1840,1164,3342,4937,2533,535,704,1330,3555,71248,1914,2402,739,1419,1544,4635,1196,682,1498,4532,1907,1228,2994,906,7790,3796,718,242,667,770,479,1445,2089,738,575,7697,2249,2139,3683,1408,640,1497,420,2389,2221,101827,28825,28854,19097,3804,3472,4419,8202,2908,2246,46530,15679,580,12852,1253,5614,657,9896,89601,2641,1649,1340,2845,2505,1676,873,5083,896,2139,646,1398,2157,1185,2782,1012,439,2460,1175,1279,2751,1705,6234,1636,1866,2332,1357,1777,2645,465,313,2613,1407,794,3150,4604,2416,3324,865,1603,1228,1120,689,3346,1057,529,1592,33695,4894,3400,482,1775,2090,2477,695,983,1035,607,3529,5134,1328,2733,2533,45218,4302,694,461,2038,2141,1297,1015,876,579,1325,2146,1130,1465,3638,2216,2411,5345,12140,88265,377,1753,9500,582,7486,2483,1540,7846,5785,4610,7593,2648,7796,2853,10039,15375,121203,17001,11738,4290,6490,14923,1402,4251,1666,1603,11725,498,1805,2065,1159,9219,4003,27363,55009,2029,546,1488,6277,6830,5307,455,8071,7190,3315,3276,2143,1489,6591,46278,4212,9906,11526,940,2405,12462,4151,676,134955,6054,5030,1698,11237,25811,2907,13595,6839,4818,20939,5112,14046,16869
36,R36201,徳島県,徳島市,2.92,912747,75530,20430,9859,22942,3692,2106,1107,3340,4149,2038,409,661,1563,3234,67240,3227,1021,314,2236,446,4474,991,780,1316,4610,1807,1322,2530,1089,6133,3703,620,371,552,615,282,1519,1020,786,227,8260,2777,3068,2478,1134,921,1358,763,2148,2340,95140,30276,27582,16285,3576,2803,4018,6785,2265,1548,45419,16481,856,12673,1084,4577,557,9191,97738,2958,1692,1560,2909,2370,2031,1022,5134,2038,2275,486,1449,2222,682,3204,862,600,2916,1726,1310,3038,1707,7220,1817,2167,1798,1305,1541,3667,392,276,3900,1893,653,2520,6373,2463,3147,979,1690,1186,1127,471,3952,1154,402,1455,36793,5194,3865,510,2593,1297,2474,702,1054,1236,1035,3529,5419,2204,3084,2596,42011,3599,554,339,1816,2340,1150,946,970,663,1301,1942,1092,1428,3304,2400,1526,5026,11617,80384,462,1203,8385,816,6272,1642,1387,7020,4269,3216,4324,1987,7027,1594,8670,22110,126770,14334,14322,4395,4749,13608,2257,4464,2013,2154,12039,708,2027,3207,1268,6223,4095,34910,56619,2543,523,1378,6253,7214,5442,402,8321,6599,3298,2549,3394,1832,6870,37453,5065,4896,11289,1498,2187,8437,3082,999,151650,6056,4892,1269,12630,16829,3067,6833,6410,6111,56239,5125,14954,11236
37,R37201,香川県,高松市,3.01,915872,77134,18003,10980,21076,6558,3940,972,3661,4412,2170,411,676,1318,2957,67684,1986,1291,296,2010,821,4773,1017,803,1457,4805,1715,1655,3008,1276,6280,2955,732,212,961,785,268,1798,1194,843,318,6712,3725,1852,3069,1162,752,1887,738,2239,2287,93686,23978,27518,17788,3951,3796,5266,6938,2365,2086,44286,15621,840,12678,950,4924,556,8716,88749,2652,1901,1471,2844,2106,1836,1002,4945,991,2289,454,1318,2239,915,2773,1039,426,2252,1105,1416,2630,1591,5925,1737,1746,1897,1270,2036,2443,305,176,2393,1516,836,2250,5477,3339,2875,1007,1931,1459,1174,475,3173,890,409,1813,32744,3910,3687,584,1802,1330,2752,841,1156,1023,501,3160,5331,1408,2939,2322,43720,4391,767,337,1883,1935,1302,854,881,605,1163,2085,1062,1481,3484,2403,1672,5428,11985,85880,503,1445,9182,736,7075,2023,1521,8236,6059,4114,6803,2431,6873,2087,9005,17786,119404,14701,12318,4402,5673,14240,1570,4198,2184,2069,10590,598,1936,2046,1445,7450,6295,27689,58046,2122,632,1488,6535,6754,5551,306,8617,6922,3628,2989,3744,1521,7236,36036,3596,5518,9248,1291,2077,9427,4157,722,168502,14017,5576,2610,12744,29590,4852,15335,8368,6354,31414,7117,13784,16743
38,R38201,愛媛県,松山市,2.92,849826,73280,19816,9010,22919,3744,1939,1197,3624,3728,1825,498,641,1342,2997,66077,2272,1470,453,1954,453,4539,898,783,1996,3514,1643,1288,3316,1354,7387,3380,661,288,775,903,311,1133,987,946,353,6707,2799,2550,2842,1171,800,1240,622,2134,2157,93127,26136,28372,16440,3788,2594,4356,7094,2340,2008,42883,14647,846,11988,899,4818,507,9178,90728,3151,1631,1399,2818,2138,1963,1000,5273,1124,2313,826,1461,2247,1081,2972,1172,438,3134,1477,1365,2827,1499,6793,1670,1497,1919,1205,1350,3769,380,208,2669,1258,698,2541,5237,2461,3262,904,1733,856,819,353,3096,674,271,1795,35703,3507,4707,190,4953,1143,2510,878,716,994,501,2750,4829,1604,4138,2283,41790,3969,655,400,1696,2067,1080,988,950,606,1296,2111,1093,1335,2506,2132,1693,5174,12039,77967,694,843,8027,605,6236,2204,1415,6563,3631,3150,4412,2062,6076,1712,8531,21809,121346,13130,13484,3939,3548,13251,1869,3963,1683,1359,10228,573,1815,1824,1001,8631,6747,34300,51980,2046,604,1206,5211,5952,4172,413,7737,5306,3939,2222,4175,1630,7368,35094,4193,5457,10737,923,1736,8457,2960,630,119852,6353,3674,1304,9866,15165,2423,4683,6103,4919,41729,4318,9835,9480
39,R39201,高知県,高知市,3.02,959481,74134,23015,11262,17720,3333,1513,1134,3306,5126,2234,478,670,1262,3081,76146,5498,1453,452,7964,351,3512,1145,603,1163,4454,2225,1303,2861,1358,4711,1876,802,243,594,977,289,2154,962,3190,810,7311,2800,2205,3570,1426,1289,1223,482,2327,2563,92305,24695,26893,18233,4483,3379,3417,7145,2043,2016,43916,12091,888,13570,1030,4491,496,11352,93535,3051,1995,1611,2930,2452,1858,939,6035,983,2135,521,1493,2116,884,2987,518,949,2380,1573,1247,3000,1570,8393,1746,1673,1614,1381,1584,3041,377,165,2699,1301,655,2311,5671,2131,3135,676,1952,1249,1349,1791,2191,1020,302,1903,37380,4681,3841,430,5741,2004,2314,635,716,1159,1009,3297,4489,1745,3039,2281,43203,3740,599,521,1842,2144,1070,894,874,722,1305,2042,972,1491,3257,2389,1677,6296,11369,83721,767,1558,7440,1147,8454,2279,1879,7862,3777,5240,6354,2452,6812,2376,11165,14160,140277,21757,15691,5354,5599,15482,2013,5225,2045,1848,12341,572,1557,2334,1129,10076,6550,30704,55102,1885,671,1703,6861,6093,5202,315,7940,6036,3733,2841,3699,1738,6384,46612,3199,6643,10055,1590,2547,16708,4868,1003,173149,6667,7237,1691,19031,21992,3887,12303,14351,5227,32802,5674,29457,12828
40,R40130,福岡県,福岡市,2.94,947586,74951,21775,9098,22517,2877,1745,1354,3376,4084,2128,640,636,1485,3237,72499,1615,1748,658,784,945,4180,1016,434,1787,3387,1592,1027,2941,1511,7376,6070,700,103,684,758,349,925,5818,997,452,6702,2446,1555,2507,1004,841,1975,500,2956,4154,101396,26622,30294,20422,3666,3707,4916,6937,2571,2262,44943,13264,1469,12073,1183,6421,492,10041,106051,3393,1861,1284,3280,2648,2201,1126,7053,1057,2664,913,1499,2438,1174,3449,1001,747,3060,1505,1413,3221,1953,7909,2449,1765,1858,1292,2123,6060,467,404,2792,1586,832,3160,4681,2436,4616,757,1503,1406,917,435,4471,819,405,1971,35362,4234,3149,509,2126,1353,2844,1028,670,1306,649,2952,4516,2178,4456,3393,45110,4105,630,370,1727,2332,991,1099,718,694,1265,2278,1141,1407,3628,3149,1714,5072,12790,84593,516,1338,7916,666,7385,1885,1489,6905,4001,3487,4789,2174,6702,1681,9959,23700,117153,17070,11631,4346,5351,13664,1633,3687,1239,1509,10574,617,2281,1685,1216,7193,1834,31623,53299,4113,1001,1539,5059,7051,3882,350,7328,5893,3081,1648,3956,1069,7328,39523,5017,5288,10014,1509,4646,8362,3393,1295,172706,7504,5736,2590,11685,18583,4034,8424,7208,4712,65254,6845,18748,11384
41,R41201,佐賀県,佐賀市,2.92,931653,73234,23649,9175,19130,2428,2032,1132,3251,4329,2330,517,560,1555,3146,71649,2083,1993,691,822,1335,5426,1149,687,2352,3910,1745,826,3958,1754,6511,4031,856,246,766,779,556,1155,2035,671,488,6761,3194,2266,3118,1559,924,1906,387,2593,2116,102048,30621,28673,17957,4053,3103,4780,7377,3065,2419,43396,13536,544,12402,1012,5412,413,10078,105413,3189,1747,1430,2779,2275,1905,1234,5647,1178,2915,838,1399,2377,1420,3452,1221,741,2984,1292,1381,3621,1995,7880,2100,1949,1890,1503,2022,3125,461,614,4993,1334,764,3063,5532,3376,4434,816,1904,1411,1140,576,4051,979,402,2074,31333,3610,2971,354,1435,1662,2175,867,491,1476,888,3190,4532,1555,2864,3264,45537,3982,553,461,1949,2444,1131,926,677,653,1305,2459,1011,1547,3729,3228,1837,5422,12225,81694,1442,1317,8139,912,7034,1986,1616,7656,3840,4639,5701,2250,6673,1978,9527,16983,123221,16139,11026,4230,7099,13176,2091,4415,1453,1565,10855,1128,2055,1708,1348,10942,4730,29261,54926,4837,461,1518,6603,6025,4125,392,6392,6467,4459,2025,3017,1290,7313,41912,6820,6386,11135,871,2709,10267,2762,962,157290,7680,6584,3114,14324,37136,4100,13497,9043,4513,26203,4949,16494,9652
42,R42201,長崎県,長崎市,2.74,881283,76843,25396,8890,21537,2556,1882,1066,3720,4054,1893,463,671,1872,2843,77021,1111,2796,870,901,407,4123,1111,458,1682,4510,1667,949,3141,1711,8427,5896,1016,158,968,689,380,1140,1444,626,654,7408,3648,2009,7161,1974,934,1497,573,2564,2418,89242,23569,26273,15703,4058,3021,4424,7265,2737,2192,41619,12941,701,11353,1062,5038,460,10064,100458,3331,1582,1386,2669,2295,1939,1007,5018,1252,2678,761,1522,2227,1162,3291,829,726,3209,1404,1453,3651,1818,7625,2087,1929,1725,1150,1610,5003,552,470,2695,1591,1157,2756,4910,2864,4072,828,1641,1388,1139,523,4335,1021,374,1800,37298,4495,3809,305,1808,1656,2605,1325,675,1486,929,3013,5013,1927,5117,3135,42983,3837,681,392,2035,2513,1265,1125,699,577,1328,2211,1132,1309,3057,2945,1713,4331,11832,76663,480,1091,7186,5310,5279,1879,1200,5884,3574,3202,3590,2222,5493,1285,8398,20589,115725,14463,10762,3808,4273,12905,2109,3308,1669,1726,10913,503,1928,1779,1335,5698,5355,33191,50931,6343,580,1365,5972,5819,3308,359,6334,4491,3817,1450,3668,1005,6419,36741,5158,6838,10295,1448,2358,8080,1740,825,135759,3586,4686,1592,9078,16191,2441,6113,4037,2360,62234,4115,14480,4846
43,R43100,熊本県,熊本市,3.09,883412,70424,21286,8951,19603,2307,1647,1303,2840,4631,2864,501,625,1010,2856,57961,1660,1312,584,614,570,3824,919,512,1930,3073,1594,1016,2748,560,5928,4666,795,122,427,517,220,1195,1759,679,350,6191,1916,1842,2211,997,765,1247,765,2361,2095,101876,25355,29750,20533,4256,4779,4216,7971,2768,2248,41493,14126,956,10128,902,5232,465,9684,87659,3069,1231,1013,2199,1979,1617,1162,4091,858,2327,962,1200,1991,1034,3126,649,398,2542,1087,975,3297,1394,6264,1858,1454,1645,1364,1347,3380,361,495,2802,1296,714,2356,4432,2870,4972,615,1480,1287,944,418,3850,942,666,1648,28252,3000,2554,236,1885,1260,2225,876,386,1686,1467,2383,3940,1430,2444,2481,43616,4004,632,428,1822,2746,1149,877,758,711,1415,2383,875,1673,3391,2536,2204,4490,11524,80037,417,1583,7780,541,7438,2095,1300,7376,3458,3388,5986,2404,5779,2024,10152,18317,115451,18677,10395,3712,5330,12513,1512,3728,1359,1412,10965,439,1814,1922,1381,9048,3795,27452,53876,4262,605,1232,7749,5253,4655,291,6335,6499,4389,2362,2574,1398,6270,44090,3528,9298,10630,1437,2036,12277,3817,1068,158675,4950,5462,1726,12573,23677,3292,10682,8858,5632,42623,3690,22106,13405
44,R44201,大分県,大分市,2.83,866559,69206,20533,9413,18949,2493,1597,1074,3164,4158,2384,552,629,1474,2785,64980,1590,2186,940,913,953,3700,1107,700,1564,3768,1644,916,2705,1090,6376,4795,843,216,473,682,424,1210,2172,720,606,6875,2373,1796,2684,1263,681,1749,714,2331,2220,97685,29471,27180,18788,3604,3077,4318,6618,2300,2328,42268,13178,1081,12027,929,4878,373,9803,94183,3124,1574,1362,2785,2260,1791,1026,5160,924,2506,976,1439,2245,1191,3343,751,447,2395,1072,1117,3227,1656,6611,1969,1865,1786,1396,1476,3289,449,825,2587,1473,741,2874,4535,2511,4658,722,1609,1265,1160,549,4599,880,342,1639,36001,4388,4583,346,2415,1760,2468,1066,538,1147,568,2994,4831,1831,3921,3143,41088,4159,616,429,1841,2327,1106,1291,587,589,1181,1970,1160,1272,3343,2057,1722,4107,11330,80210,509,1420,6721,499,6237,1958,1435,6343,5264,3581,6497,2606,6962,2594,9489,18095,113722,16868,11963,4395,4868,12535,2258,3646,1546,1543,12314,475,1818,1532,1175,8413,1447,26924,52157,4241,480,1830,7079,5680,4341,351,7373,5234,2094,1849,3562,1228,6815,37420,3219,9414,7845,1421,2586,9404,2687,845,137639,4740,5861,2323,11633,22468,2484,9293,10850,5877,25440,5468,18891,12311
45,R45201,宮崎県,宮崎市,2.9,856441,66562,20347,7619,18307,2668,1573,1185,3290,4098,2232,463,610,1260,2909,61555,3039,2149,685,1902,484,3429,1239,381,851,3035,1578,970,2774,1453,5684,4928,688,340,277,496,193,822,1615,370,854,6551,2449,1247,2213,1000,753,1672,493,2725,2215,94945,23218,29330,19548,3580,2923,3674,6856,2454,3362,39374,13483,792,10781,913,4743,410,8252,88952,3225,1271,1256,2563,2220,1750,935,4917,936,2275,745,1279,2103,921,3348,361,492,2820,918,1120,2967,1678,6215,1683,1786,1963,1415,1746,4061,474,428,2303,1090,656,2572,5027,2371,3815,629,1616,933,997,427,3475,793,357,2015,35416,4255,3888,219,3302,1271,2472,811,611,1125,1081,2448,4601,1640,5111,2581,44056,4124,532,440,1935,2724,1426,1112,666,595,1386,2341,961,1504,3239,2331,1819,5305,11614,74429,503,1345,6697,604,6223,1823,1445,6279,4181,3303,4681,2124,6173,1586,9038,18427,113450,16220,10344,3812,3984,11532,2177,3526,1225,1755,9996,449,3053,1601,1344,6766,4432,31235,52943,3881,354,1262,6387,4529,4592,442,6687,5910,4685,1865,3816,1269,7263,46065,2232,13475,9943,908,2454,12739,3421,892,138694,5993,6099,1397,11594,16942,2003,6887,6124,4178,45048,3356,16604,12469
46,R46201,鹿児島県,鹿児島市,2.86,893202,71903,23590,7777,18850,2868,2391,1289,3524,3994,2054,462,597,1481,3027,68640,2732,1657,1011,1492,313,4797,1707,523,1857,3664,1681,975,3145,1016,5147,5452,760,175,375,672,289,868,1418,602,570,5467,6768,1297,2729,906,1279,2133,564,2586,2011,96830,24379,31447,19633,3743,2676,3724,6679,2241,2307,43041,15079,1051,11753,899,4428,428,9404,98314,3277,1422,1220,2805,2316,2115,1281,5622,1136,2403,827,1530,2694,1146,3297,446,582,2962,1363,1360,3532,1378,6378,1873,1928,2207,1349,1839,3814,665,704,2835,1458,973,2618,5459,2959,4658,707,1824,1034,882,295,3552,1146,425,2020,35114,4236,4090,259,2386,1181,2324,1062,383,1413,888,2909,5190,2036,3502,3256,45962,4448,497,446,2532,2643,1725,1595,700,671,1410,2281,989,1446,3383,2841,1996,4806,11552,80448,534,2038,8952,650,6668,1871,1303,6832,4135,3367,4313,2245,5940,1600,9010,20990,108779,16963,11437,4145,3505,10640,2524,3053,1540,1937,9410,447,2442,2063,1006,6959,3957,26750,59289,5815,540,1529,6060,5386,3166,474,8139,4837,8706,1742,4000,1628,7266,35886,1555,11432,9874,844,1979,7777,1700,725,148996,6683,6684,1648,13452,23538,2009,10915,7696,4667,38852,3801,14898,14154
47,R47201,沖縄県,那覇市,2.96,797050,71249,27626,7717,17085,1753,1488,1012,4424,3342,1481,229,424,1190,3479,46424,5043,198,176,780,151,4383,850,624,575,711,952,595,1957,157,3985,4587,475,113,209,446,134,378,492,561,40,2163,973,1099,2502,553,2599,464,204,5560,1737,74426,13833,27005,11458,2496,2570,2609,5740,2736,5980,39188,11086,1778,9605,729,6263,338,9388,93895,3106,1995,1208,2490,2773,2419,1351,5587,826,2353,519,1805,3605,761,3920,223,327,1998,930,1188,2850,1275,6153,2529,1248,1906,1050,1733,7239,283,560,2317,869,990,2778,6771,1513,3099,560,1069,1806,513,116,2471,375,203,2237,32375,3494,3910,659,1751,679,1442,790,212,1141,449,1874,5156,1516,6565,2738,38221,4806,478,448,1129,1743,1188,788,455,632,842,2050,968,1270,3277,2485,1185,4106,10373,66955,134,467,3787,737,6451,1372,890,5311,2041,2887,5060,1856,5816,1611,7506,21030,121409,22406,9584,5317,3617,9305,1250,3795,1368,2691,12141,439,1909,1361,2472,3608,2508,37638,56890,1507,600,1019,7825,5100,5537,596,7623,5657,3726,2057,5885,1083,8676,33774,1322,6649,9165,899,2635,8577,3917,611,122244,1595,3939,963,5913,18110,1532,7887,3816,5899,43206,3746,16485,9152
